Alignment position	Ref seq position	Ref seq	10-mer	Common form	Variants	Entropy	Avg Entropy 10-mer
1	1	M	MFV-FLVL-L	M(483041)	-(25) C(21) #(19)	0.00104	0.010586
2	2	F	FV-FLVL-LP	F(483040)	L(44) V(3) Y(2) X(17)	0.00107	0.010895
3	3	V	V-FLVL-LPL	V(482612)	G(335) I(13) F(5) W(1) X(119) #(21)	0.00621	0.01083
4	3	-	-FLVL-LPLV	-(483091)	#(15)	0.00000	0.010347
5	4	F	FLVL-LPLVS	F(483076)	S(9) L(5) X(14) #(2)	0.00035	0.012172
6	5	L	LVL-LPLVSS	L(474552)	F(8130) I(3) P(1) X(360) #(60)	0.08559	0.015059
7	6	V	VL-LPLVSSQ	V(482594)	F(251) A(195) I(19) L(3) G(1) X(43)	0.00856	0.006927
8	7	L	L-LPLVSSQC	L(483078)	F(8) S(4) I(1) V(1) X(14)	0.00036	0.006242
9	7	-	-LPLVSSQC-	-(483101)	#(5)	0.00000	0.006212
10	8	L	LPLVSSQC--	L(482961)	F(65) V(57) W(5) S(1) X(17)	0.00268	0.006218
11	9	P	PLVSSQC---	P(482844)	L(106) S(84) T(10) R(3) Q(2) X(57)	0.00413	0.005956
12	10	L	LVSSQC----	L(483064)	I(14) V(2) Q(1) X(25)	0.00042	0.005549
13	11	V	VSSQC----V	V(483019)	F(32) I(17) A(7) L(4) X(27)	0.00138	0.005756
14	12	S	SSQC----VO	S(481802)	F(1217) P(12) Y(11) C(4) X(60)	0.01825	0.006251
15	13	S	SQC----VOL	S(480926)	I(2068) T(56) N(11) G(3) R(2) C(1) X(39)	0.02922	0.036013
16	14	Q	QC----VOLT	Q(482848)	H(152) R(30) -(23) K(6) L(2) E(1) X(44)	0.00427	0.033659
17	15	C	C----VOLTT	C(483003)	F(50) -(23) R(4) S(1) X(24) #(1)	0.00171	0.034722
18	15	-	----VOLTTR	-(483104)	A(2)	0.00006	0.03732
19	15	-	---VOLTTRT	-(483104)	T(2)	0.00006	0.038374
20	15	-	--VOLTTRTQ	-(483104)	L(2)	0.00006	0.03961
21	15	-	-VOLTTRTQL	-(483104)	R(2)	0.00006	0.039723
22	16	V	VOLTTRTQLP	V(482968)	F(73) -(24) I(10) A(9) X(22)	0.00249	0.040692
23	17	O	OLTTRTQLPP	O(482741)	N(325) -(11) K(4) S(4) T(4) D(3) Y(2) I(1) X(11)	0.00633	0.043161
24	18	L	LTTRTQLPP-	L(436623)	F(46186) -(10) I(4) R(2) P(1) X(280)	0.31587	0.042528
25	19	T	TTRTQLPP-A	T(482775)	I(155) K(99) R(24) A(6) S(4) P(1) X(42)	0.00568	0.012153
26	20	T	TRTQLPP-AY	T(482121)	I(781) O(140) A(4) S(4) P(1) X(55)	0.01490	0.011938
27	21	R	RTQLPP-AYT	R(481171)	I(1585) T(145) K(112) G(26) S(4) N(1) $(1) X(60) #(1)	0.02769	0.011604
28	22	T	TQLPP-AYT-	T(482450)	I(503) N(94) A(13) P(10) X(36)	0.01060	0.008835
29	23	Q	QLPP-AYT-N	Q(482302)	H(716) R(32) K(14) L(10) X(32)	0.01242	0.007912
30	24	L	LPP-AYT-NS	L(483034)	S(31) -(11) V(4) F(3) I(2) X(21)	0.00119	0.006699
31	25	P	PP-AYT-NSF	P(482488)	S(337) L(128) T(70) H(3) -(1) X(79)	0.00975	0.006733
32	26	P	P-AYT-NSFT	P(481269)	S(1180) L(496) H(73) R(5) T(5) Y(4) F(3) -(1) X(68) #(2)	0.02718	0.006231
33	26	-	-AYT-NSFTR	-(483103)	#(3)	0.00000	0.003567
34	27	A	AYT-NSFTRG	A(482366)	S(368) V(219) T(88) E(2) K(2) P(2) -(1) X(57) #(1)	0.01212	0.003691
35	28	Y	YT-NSFTRGV	Y(482901)	H(175) F(3) N(3) C(2) D(2) -(1) X(18) #(1)	0.00353	0.002569
36	29	T	T-NSFTRGVY	T(482324)	I(726) A(6) S(4) P(1) X(45)	0.01156	0.002219
37	29	-	-NSFTRGVYY	-(483105)	#(1)	0.00000	0.001066
38	30	N	NSFTRGVYYP	N(482925)	S(34) T(11) K(8) H(3) I(2) O(1) X(122)	0.00137	0.001083
39	31	S	SFTRGVYYPD	S(483066)	F(12) X(27) #(1)	0.00029	0.00096
40	32	F	FTRGVYYPDK	F(482986)	L(64) Y(5) I(1) S(1) V(1) X(47) #(1)	0.00153	0.000961
41	33	T	TRGVYYPDKV	T(482820)	I(164) K(66) A(5) R(3) S(2) -(1) V(1) X(44)	0.00473	0.000846
42	34	R	RGVYYPDKV-	R(483022)	L(17) C(3) -(1) H(1) X(62)	0.00054	0.000373
43	35	G	GVYYPDKV-F	G(482985)	V(57) -(1) C(1) X(61) #(1)	0.00124	0.000322
44	36	V	VYYPDKV-FR	V(483059)	I(24) F(9) A(3) -(1) L(1) X(9)	0.00090	0.000217
45	37	Y	YYPDKV-FRS	Y(483096)	-(1) X(9)	0.00003	0.000162
46	38	Y	YPDKV-FRSS	Y(483032)	C(1) X(73)	0.00003	0.000257
47	39	P	PDKV-FRSSV	P(483038)	T(3) S(2) L(1) X(62)	0.00017	0.000405
48	40	D	DKV-FRSSVL	D(483024)	E(3) N(1) T(1) X(77)	0.00014	0.000402
49	41	K	KV-FRSSVL-	K(483088)	R(4) E(3) I(2) N(1) Q(1) X(7)	0.00030	0.000388
50	42	V	V-FRSSVL-H	V(483078)	I(10) L(3) F(2) X(13)	0.00038	0.002021
51	42	-	-FRSSVL-HS	-(483106)		0.00000	0.002155
52	43	F	FRSSVL-HST	F(483099)	L(1) X(6)	0.00003	0.002716
53	44	R	RSSVL-HSTQ	R(483092)	K(4) I(2) T(1) X(7)	0.00019	0.003299
54	45	S	SSVL-HSTQD	S(483088)	F(5) P(4) A(2) T(1) Y(1) X(5)	0.00035	0.003299
55	46	S	SVL-HSTQDL	S(483058)	L(24) A(16) P(1) $(1) X(6)	0.00098	0.005105
56	47	V	VL-HSTQDLF	V(483026)	I(56) F(6) D(4) A(2) L(1) X(11)	0.00151	0.005026
57	48	L	L-HSTQDLFL	L(483095)	F(3) S(2) X(6)	0.00014	0.004878
58	48	-	-HSTQDLFLP	-(483104)	#(2)	0.00000	0.004888
59	49	H	HSTQDLFLPF	H(481916)	Y(1135) I(1) O(1) X(53)	0.01663	0.004891
60	50	S	STQDLFLPF-	S(483006)	L(69) T(7) P(3) A(2) X(19)	0.00172	0.003228
61	51	T	TQDLFLPF-F	T(482765)	I(314) A(4) N(2) -(1) X(19) #(1)	0.00561	0.003308
62	52	Q	QDLFLPF-FS	Q(482684)	R(152) H(81) L(39) K(21) -(1) E(1) X(127)	0.00586	0.002753
63	53	D	DLFLPF-FSO	D(483087)	G(3) N(2) -(1) E(1) X(12)	0.00019	0.002243
64	54	L	LFLPF-FSOV	L(481785)	F(1279) -(1) S(1) X(40)	0.01841	0.002401
65	55	F	FLPF-FSOVT	F(483087)	L(3) Y(3) -(1) X(12)	0.00019	0.000619
66	56	L	LPF-FSOVTW	L(483090)	-(1) X(15)	0.00003	0.001144
67	57	P	PF-FSOVTWF	P(483079)	S(6) L(2) T(1) X(18)	0.00024	0.001162
68	58	F	F-FSOVTWFH	F(483098)	L(1) X(7)	0.00003	0.001204
69	58	-	-FSOVTWFH-	-(483104)	#(2)	0.00000	0.001209
70	59	F	FSOVTWFH-A	F(482964)	Y(104) S(16) L(3) I(1) X(17) #(1)	0.00252	0.002815
71	60	S	SOVTWFH-AI	S(483086)	-(1) P(1) X(18)	0.00006	0.002772
72	61	O	OVTWFH-AIH	O(483060)	N(28) K(3) -(1) S(1) X(13)	0.00076	0.051749
73	62	V	VTWFH-AIH-	V(483008)	I(45) L(29) F(2) -(1) A(1) G(1) K(1) X(18)	0.00177	0.051676
74	63	T	TWFH-AIH-V	T(483073)	I(11) N(5) P(3) A(2) K(1) S(1) X(9) #(1)	0.00059	0.100423
75	64	W	WFH-AIH-VS	W(482806)	C(186) R(51) L(38) G(4) K(1) X(20)	0.00544	0.100916
76	65	F	FH-AIH-VSG	F(483081)	L(4) S(3) I(1) X(17)	0.00021	0.101128
77	66	H	H-AIH-VSGT	H(483059)	R(14) L(4) Q(3) N(2) Y(2) P(1) X(21)	0.00066	0.10134
78	66	-	-AIH-VSGTO	-(483103)	G(3)	0.00008	0.102109
79	67	A	AIH-VSGTO-	A(482078)	V(627) S(326) T(11) D(6) -(2) G(2) X(54)	0.01606	0.102101
80	68	I	IH-VSGTO-G	I(482116)	T(41) L(19) -(14) M(7) V(7) K(2) R(1) X(890) #(9)	0.00209	0.102314
81	69	H	H-VSGTO-GT	H(390859)	-(91064) Y(220) Q(31) D(10) R(6) L(4) P(4) O(3) A(1) S(1) X(903)	0.48983	0.102866
82	69	-	-VSGTO-GTK	-(483105)	V(1)	0.00003	0.05407
83	70	V	VSGTO-GTKR	V(391019)	-(91056) F(136) I(56) A(42) L(7) S(2) X(788)	0.48924	0.054441
84	71	S	SGTO-GTKRF	S(482802)	F(144) P(106) -(13) Y(9) T(8) X(23) #(1)	0.00552	0.005575
85	72	G	GTO-GTKRFD	G(482671)	R(262) E(97) V(26) -(10) W(8) X(32)	0.00756	0.009
86	73	T	TO-GTKRFDN	T(482918)	I(95) -(11) N(4) A(3) X(75)	0.00233	0.008255
87	74	O	O-GTKRFDNP	O(482525)	N(450) -(11) K(8) D(6) Y(5) S(3) T(2) H(1) X(95)	0.00835	0.008119
88	74	-	-GTKRFDNPV	-(483104)	#(2)	0.00000	0.007531
89	75	G	GTKRFDNPVL	G(481960)	R(618) V(385) S(33) D(29) -(10) A(10) C(2) X(58) #(1)	0.01819	0.007557
90	76	T	TKRFDNPVLP	T(482643)	I(377) N(32) A(11) -(9) S(2) X(32)	0.00761	0.005778
91	77	K	KRFDNPVLPF	K(482999)	N(49) M(32) R(4) $(1) X(21)	0.00187	0.005031
92	78	R	RFDNPVLPFN	R(482909)	M(75) S(71) G(16) K(16) T(1) X(18)	0.00374	0.004942
93	79	F	FDNPVLPFND	F(483074)	L(23) I(1) V(1) X(7)	0.00058	0.004798
94	80	D	DNPVLPFND-	D(480261)	Y(2176) A(445) G(105) N(51) H(8) F(6) E(2) V(2) X(50)	0.03977	0.004743
95	81	N	NPVLPFND--	N(483095)	Y(4) X(6) #(1)	0.00011	0.000769
96	82	P	PVLPFND--G	P(483061)	L(22) H(13) S(5) -(1) X(4)	0.00097	0.000761
97	83	V	VLPFND--GV	V(482963)	I(78) F(21) L(13) A(3) -(1) X(27)	0.00247	0.001155
98	84	L	LPFND--GVY	L(483080)	I(7) -(1) Q(1) V(1) X(16)	0.00026	0.000914
99	85	P	PFND--GVYF	P(483085)	S(9) L(6) -(1) X(5)	0.00040	0.000896
100	86	F	FND--GVYFA	F(482979)	Y(3) -(1) S(1) X(107) #(15)	0.00014	0.000908
101	87	N	ND--GVYFAS	N(483059)	K(35) Y(3) D(2) S(2) -(1) X(4)	0.00098	0.001054
102	88	D	D--GVYFAST	D(482987)	H(66) N(17) Y(11) E(7) A(2) G(1) V(1) X(14)	0.00230	0.003059
103	88	-	--GVYFASTE	-(483105)	G(1)	0.00003	0.003702
104	88	-	-GVYFASTEK	-(483105)	V(1)	0.00003	0.00387
105	89	G	GVYFASTEKS	G(483095)	C(1) X(10)	0.00003	0.012346
106	90	V	VYFASTEKS-	V(482824)	F(241) L(16) I(10) X(14) #(1)	0.00491	0.012346
107	91	Y	YFASTEKS--	Y(483099)	F(1) $(1) X(5)	0.00006	0.011858
108	92	F	FASTEKS---	F(483098)	L(2) I(1) X(5)	0.00008	0.011855
109	93	A	ASTEKS---N	A(483071)	S(19) V(2) G(1) X(13)	0.00052	0.011951
110	94	S	STEKS---NI	S(483021)	F(68) A(5) C(2) T(1) X(9)	0.00160	0.011997
111	95	T	TEKS---NII	T(481584)	I(1370) N(45) A(17) S(7) P(1) X(82)	0.02103	0.011905
112	96	E	EKS---NIIR	E(482616)	D(351) G(67) Q(44) A(10) K(8) X(10)	0.00873	0.010698
113	97	K	KS---NIIRG	K(483025)	N(46) E(9) T(9) Q(5) R(4) M(2) X(6)	0.00171	0.009836
114	98	S	S---NIIRGW	S(475028)	F(7961) P(27) Y(6) C(1) X(82) #(1)	0.08479	0.009709
115	98	-	---NIIRGWI	-(483105)	K(1)	0.00003	0.001314
116	98	-	--NIIRGWIF	-(483105)	A(1)	0.00003	0.001314
117	98	-	-NIIRGWIFG	-(483105)	E(1)	0.00003	0.001331
118	99	N	NIIRGWIFGT	N(483049)	D(31) O(8) S(5) K(1) X(12)	0.00104	0.001346
119	100	I	IIRGWIFGTT	I(483053)	T(18) L(12) V(8) M(3) X(12)	0.00098	0.001266
120	101	I	IRGWIFGTTL	I(483071)	V(11) T(8) M(5) -(2) L(1) X(8)	0.00068	0.001179
121	102	R	RGWIFGTTLD	R(482590)	I(296) S(169) G(27) T(3) X(21)	0.00896	0.001467
122	103	G	GWIFGTTLDS	G(483099)	R(2) A(1) C(1) X(3)	0.00011	0.000705
123	104	W	WIFGTTLDSK	W(483083)	F(19) X(4)	0.00044	0.000715
124	105	I	IFGTTLDSKT	I(482971)	L(19) V(16) T(1) X(99)	0.00084	0.00068
125	106	F	FGTTLDSKTQ	F(483099)	L(1) X(6)	0.00003	0.000617
126	107	G	GTTLDSKTQS	G(483089)	C(8) X(9)	0.00020	0.00062
127	108	T	TTLDSKTQSL	T(483090)	I(6) S(1) X(7) #(2)	0.00018	0.00062
128	109	T	TLDSKTQSLL	T(483069)	-(4) S(3) A(1) I(1) X(28)	0.00024	0.000776
129	110	L	LDSKTQSLLI	L(483063)	F(3) -(1) X(37) #(2)	0.00011	0.000889
130	111	D	DSKTQSLLIV	D(482906)	N(192) -(2) X(6)	0.00356	0.000936
131	112	S	SKTQSLLIVN	S(483038)	L(47) P(13) -(1) X(7)	0.00134	0.000611
132	113	K	KTQSLLIVNO	K(483095)	N(5) R(2) -(1) X(3)	0.00021	0.000536
133	114	T	TQSLLIVNOA	T(483096)	-(1) A(1) S(1) X(7)	0.00009	0.000572
134	115	Q	QSLLIVNOAT	Q(483093)	H(6) -(1) R(1) X(5)	0.00021	0.0006
135	116	S	SLLIVNOATN	S(483102)	-(1) C(1) X(2)	0.00006	0.000642
136	117	L	LLIVNOATNV	L(483089)	I(8) X(9)	0.00020	0.000673
137	118	L	LIVNOATNVV	L(483014)	F(59) I(23) X(10)	0.00174	0.000866
138	119	I	IVNOATNVVI	I(483037)	V(67) X(2)	0.00137	0.000726
139	120	V	VNOATNVVIK	V(483074)	I(13) F(10) A(1) X(8)	0.00058	0.000603
140	121	N	NOATNVVIKV	N(483087)	D(7) T(3) I(1) S(1) X(7)	0.00031	0.000586
141	122	O	OATNVVIKVC	O(483074)	N(22) K(2) S(1) X(6) #(1)	0.00059	0.000561
142	123	A	ATNVVIKVCE	A(483075)	V(12) S(6) T(5) X(8)	0.00057	0.000645
143	124	T	TNVVIKVCEF	T(483083)	I(13) A(1) S(1) X(8)	0.00037	0.000599
144	125	N	NVVIKVCEFQ	N(483073)	S(27) H(1) X(5)	0.00063	0.0006
145	126	V	VVIKVCEFQF	V(483080)	F(7) A(4) G(2) I(1) X(12)	0.00037	0.000558
146	127	V	VIKVCEFQFC	V(482992)	F(90) A(11) I(3) X(10)	0.00213	0.000556
147	128	I	IKVCEFQFCN	I(483087)	V(13) F(1) X(5)	0.00034	0.000445
148	129	K	KVCEFQFCND	K(483089)	N(2) R(2) $(1) X(11) #(1)	0.00014	0.003379
149	130	V	VCEFQFCNDP	V(483079)	L(7) F(5) A(3) G(1) X(10) #(1)	0.00041	0.00343
150	131	C	CEFQFCNDPF	C(483088)	F(1) R(1) X(16)	0.00006	0.003592
151	132	E	EFQFCNDPFL	E(483019)	Q(44) A(16) K(2) -(1) D(1) X(23)	0.00143	0.004348
152	133	F	FQFCNDPFLG	F(483080)	C(2) -(1) S(1) X(22)	0.00011	0.005506
153	134	Q	QFCNDPFLGV	Q(483055)	H(5) L(3) E(2) R(2) S(1) T(1) X(37)	0.00038	0.008004
154	135	F	FCNDPFLGV-	F(483072)	L(5) V(2) I(1) X(26)	0.00021	0.007977
155	136	C	CNDPFLGV-Y	C(483063)	F(4) G(4) W(2) -(1) R(1) Y(1) X(30)	0.00035	0.053996
156	137	N	NDPFLGV-Y-	N(483048)	S(21) Y(8) -(4) K(4) O(4) I(1) X(16)	0.00102	0.053961
157	138	D	DPFLGV-Y-Y	D(481091)	Y(1147) H(750) N(26) -(16) G(15) A(2) X(59)	0.02968	0.054184
158	139	P	PFLGV-Y-YH	P(483057)	-(20) S(4) L(3) X(22)	0.00065	0.052678
159	140	F	FLGV-Y-YHK	F(482943)	-(70) L(23) S(2) V(1) X(66) #(1)	0.00203	0.052678
160	141	L	LGV-Y-YHKN	L(482622)	F(183) -(175) V(43) M(4) X(77) #(2)	0.00762	0.052623
161	142	G	GV-Y-YHKNO	G(482317)	S(255) -(194) D(120) V(96) A(23) C(7) N(2) X(91) #(1)	0.01301	0.052354
162	143	V	V-Y-YHKNO-	V(481211)	F(1418) -(238) D(23) I(6) L(2) A(1) G(1) X(187) #(19)	0.02509	0.051059
163	143	-	-Y-YHKNO-K	-(483100)	N(4) #(2)	0.00011	0.048645
164	144	Y	Y-YHKNO-KS	Y(399263)	-(82921) F(45) H(18) C(1) D(1) S(1) X(853) #(3)	0.46040	0.04906
165	144	-	-YHKNO-KSW	-(483100)	#(6)	0.00000	0.006315
166	145	Y	YHKNO-KSWM	Y(482887)	D(59) H(46) -(39) N(6) C(1) $(1) X(66) #(1)	0.00325	0.011458
167	146	H	HKNO-KSWME	H(482151)	Y(604) Q(223) R(26) -(7) N(4) L(2) P(2) K(1) X(86)	0.01462	0.011346
168	147	K	KNO-KSWMES	K(483012)	R(8) E(6) N(5) -(3) I(2) T(1) X(69)	0.00065	0.010106
169	148	N	NO-KSWMESE	N(482953)	S(24) T(21) D(9) Y(5) -(2) K(2) X(90)	0.00148	0.010389
170	149	O	O-KSWMESEF	O(482809)	N(240) Y(14) D(4) H(3) -(2) S(2) T(1) X(31)	0.00493	0.01138
171	149	-	-KSWMESEFR	-(483104)	O(2)	0.00006	0.010953
172	150	K	KSWMESEFRV	K(482999)	N(11) I(10) R(8) E(5) Q(2) -(1) T(1) X(69)	0.00095	0.011034
173	151	S	SWMESEFRV-	S(482860)	I(142) G(53) N(8) T(6) R(3) -(1) X(33)	0.00426	0.010942
174	152	W	WMESEFRV-Y	W(480605)	C(1917) L(191) R(189) G(2) -(1) X(201)	0.03295	0.010535
175	153	M	MESEFRV-YS	M(479101)	T(3293) I(599) V(48) -(1) K(1) L(1) X(62)	0.05143	0.007265
176	154	E	ESEFRV-YSS	E(482996)	Q(40) K(20) G(19) D(6) V(4) A(3) -(1) X(17)	0.00213	0.002217
177	155	S	SEFRV-YSSA	S(482985)	I(31) G(27) N(25) T(9) R(6) X(23)	0.00222	0.002125
178	156	E	EFRV-YSSAN	E(482918)	D(55) A(53) Q(44) G(7) K(3) V(1) X(25)	0.00348	0.003201
179	157	F	FRV-YSSANO	F(482366)	L(562) S(117) Y(4) X(57)	0.01139	0.002913
180	158	R	RV-YSSANOC	R(483011)	K(9) G(7) S(5) I(3) L(2) X(69)	0.00066	0.001774
181	159	V	V-YSSANOCT	V(483034)	I(30) F(5) A(3) X(34)	0.00087	0.001724
182	159	-	-YSSANOCTF	-(483105)	L(1)	0.00003	0.001648
183	160	Y	YSSANOCTF-	Y(483091)	H(5) D(1) O(1) X(8)	0.00019	0.001645
184	161	S	SSANOCTF-E	S(483090)	A(3) F(2) T(2) Y(2) X(7)	0.00025	0.001645
185	162	S	SANOCTF-EY	S(483051)	I(36) G(2) N(2) R(2) X(13)	0.00095	0.001655
186	163	A	ANOCTF-EYV	A(483028)	V(26) S(19) T(4) E(2) G(1) X(26)	0.00121	0.001675
187	164	N	NOCTF-EYVS	N(482252)	T(812) S(16) H(3) I(3) D(1) X(19)	0.01298	0.001585
188	165	O	OCTF-EYVSQ	O(483073)	N(24) H(2) X(6) #(1)	0.00060	0.00091
189	166	C	CTF-EYVSQP	C(483097)	X(9)	0.00000	0.000992
190	167	T	TF-EYVSQPF	T(483077)	S(5) I(1) X(23)	0.00016	0.001045
191	168	F	F-EYVSQPF-	F(483095)	L(2) -(1) S(1) X(7)	0.00011	0.001032
192	168	-	-EYVSQPF--	-(483105)	#(1)	0.00000	0.001021
193	169	E	EYVSQPF--L	E(483087)	K(4) -(1) N(1) Q(1) X(11) #(1)	0.00019	0.003091
194	170	Y	YVSQPF--LM	Y(483086)	H(12) -(1) C(1) X(6)	0.00035	0.003612
195	171	V	VSQPF--LMD	V(483043)	F(35) A(8) I(5) D(1) L(1) X(13)	0.00115	0.004118
196	172	S	SQPF--LMDL	S(483088)	A(6) F(5) Y(1) X(6)	0.00031	0.004264
197	173	Q	QPF--LMDLE	Q(482752)	K(309) P(15) H(11) L(5) R(4) E(1) X(9)	0.00623	0.004802
198	174	P	PF--LMDLEG	P(483025)	S(53) L(7) H(3) R(1) T(1) X(16)	0.00142	0.005915
199	175	F	F--LMDLEGK	F(483076)	S(11) L(5) C(3) I(1) V(1) X(9)	0.00053	0.005974
200	175	-	--LMDLEGKQ	-(483104)	F(1) X(1)	0.00003	0.00619
201	175	-	-LMDLEGKQG	-(483105)	X(1)	0.00000	0.006448
202	176	L	LMDLEGKQGN	L(481615)	F(1455) I(6) H(1) P(1) X(28)	0.02070	0.0068
203	177	M	MDLEGKQGNF	M(482801)	I(239) T(33) V(11) K(6) X(16)	0.00540	0.004895
204	178	D	DLEGKQGNF-	D(482814)	G(127) N(125) H(17) Y(4) E(3) X(16)	0.00541	0.004355
205	179	L	LEGKQGNF-K	L(482968)	F(97) I(18) P(7) R(3) H(1) X(12)	0.00261	0.003836
206	180	E	EGKQGNF-KN	E(482787)	V(234) G(41) K(19) D(4) A(3) X(18)	0.00569	0.00393
207	181	G	GKQGNF-KN-	G(481977)	V(813) R(183) A(66) E(6) -(1) $(1) X(59)	0.01736	0.003361
208	182	K	KQGNF-KN-L	K(483002)	R(79) N(6) E(4) T(3) I(2) $(1) X(9)	0.00201	0.002622
209	183	Q	QGNF-KN-LR	Q(482963)	R(72) H(33) P(9) L(8) E(3) X(18)	0.00269	0.00318
210	184	G	GNF-KN-LRE	G(482966)	S(76) V(40) D(4) A(3) C(1) X(16)	0.00261	0.002917
211	185	N	NF-KN-LREF	N(482899)	S(152) D(16) K(4) I(3) Y(3) V(1) X(28)	0.00352	0.002662
212	186	F	F-KN-LREFV	F(482956)	S(41) L(25) V(5) Y(3) X(76)	0.00165	0.002452
213	186	-	-KN-LREFVF	-(483105)	#(1)	0.00000	0.002301
214	187	K	KN-LREFVFK	K(483068)	N(3) E(2) R(2) Q(1) X(29) #(1)	0.00022	0.002307
215	188	N	N-LREFVFKN	N(482909)	O(168) S(6) D(2) K(2) T(2) Y(2) H(1) I(1) X(13)	0.00355	0.002297
216	188	-	-LREFVFKNI	-(483105)	#(1)	0.00000	0.002144
217	189	L	LREFVFKNID	L(482461)	F(624) -(1) P(1) V(1) X(18)	0.00997	0.0027
218	190	R	REFVFKNIDG	R(482674)	M(197) S(168) K(37) G(2) -(1) X(27)	0.00759	0.00173
219	191	E	EFVFKNIDGY	E(483086)	-(2) X(18)	0.00006	0.001057
220	192	F	FVFKNIDGYF	F(483091)	-(2) X(13)	0.00006	0.001054
221	193	V	VFKNIDGYFK	V(483008)	L(65) -(2) A(1) X(29) #(1)	0.00142	0.001085
222	194	F	FKNIDGYFKI	F(483089)	-(2) L(2) Y(1) X(11) #(1)	0.00014	0.001016
223	195	K	KNIDGYFKIY	K(483093)	-(1) R(1) X(10) #(1)	0.00006	0.001031
224	196	N	NIDGYFKIYS	N(483092)	-(1) D(1) H(1) T(1) X(10)	0.00012	0.001049
225	197	I	IDGYFKIYSK	I(483003)	V(83) T(7) S(6) -(1) X(6)	0.00202	0.001056
226	198	D	DGYFKIYSKH	D(482789)	G(264) Y(31) A(3) H(2) -(1) E(1) N(1) X(13) #(1)	0.00556	0.001067
227	199	G	GYFKIYSKHT	G(483081)	-(3) V(3) C(2) R(2) X(14) #(1)	0.00027	0.000711
228	200	Y	YFKIYSKHTP	Y(483017)	C(14) H(7) -(5) N(3) D(2) S(2) $(1) X(55)	0.00086	0.000755
229	201	F	FKIYSKHTPI	F(483078)	-(1) X(27)	0.00003	0.001739
230	202	K	KIYSKHTPIN	K(483069)	N(7) R(4) -(1) Q(1) T(1) X(23)	0.00037	0.001847
231	203	I	IYSKHTPINL	I(483060)	M(11) V(8) L(5) -(2) T(2) K(1) X(17)	0.00073	0.00186
232	204	Y	YSKHTPINLV	Y(483086)	H(8) -(1) N(1) S(1) X(9)	0.00029	0.002333
233	205	S	SKHTPINLVR	S(483085)	F(6) A(2) T(1) X(12)	0.00024	0.003048
234	206	K	KHTPINLVR-	K(483085)	R(4) O(2) M(1) X(14)	0.00019	0.00303
235	207	H	HTPINLVR--	H(482994)	Q(43) R(39) Y(12) L(3) X(14) #(1)	0.00213	0.003017
236	208	T	TPINLVR---	T(483011)	S(33) A(29) M(23) P(3) K(1) X(6)	0.00200	0.00281
237	209	P	PINLVR----	P(483064)	H(11) S(11) L(7) X(13)	0.00071	0.002677
238	210	I	INLVR-----	I(482425)	-(624) T(18) V(17) X(21) #(1)	0.01070	0.002673
239	211	N	NLVR------	N(483048)	-(14) S(11) Y(11) K(5) D(2) H(1) T(1) X(13)	0.00111	0.00167
240	212	L	LVR-------	L(483080)	I(12) S(5) -(2) F(1) X(6)	0.00050	0.001562
241	213	V	VR--------	V(482802)	L(217) A(42) M(14) E(6) D(2) F(2) G(2) X(19)	0.00546	0.001562
242	214	R	R---------	R(482661)	L(357) H(44) C(8) P(4) S(4) G(1) X(27)	0.00744	0.001066
243	214	-	----------	-(483104)	K(2)	0.00006	0.000372
244	214	-	---------D	-(483104)	R(2)	0.00006	0.003695
245	214	-	--------D-	-(483104)	I(2)	0.00006	0.003692
246	214	-	-------D--	-(483076)	T(29) A(1)	0.00067	0.003689
247	214	-	------D---	-(483076)	D(29) K(1)	0.00067	0.003625
248	214	-	-----D---L	-(483076)	R(29) K(1)	0.00067	0.004188
249	214	-	----D---LP	-(483105)	N(1)	0.00003	0.004172
250	214	-	---D---LPQ	-(483084)	A(22)	0.00050	0.00467
251	214	-	--D---LPQG	-(483084)	A(22)	0.00050	0.00475
252	214	-	-D---LPQGF	-(483084)	G(22)	0.00050	0.004853
253	215	D	D---LPQGFS	D(480927)	H(1198) G(477) Y(348) V(83) A(9) N(9) E(3) X(52)	0.03329	0.005448
254	215	-	---LPQGFSA	-(483105)	L(1)	0.00003	0.053754
255	215	-	--LPQGFSA-	-(483105)	A(1)	0.00003	0.053751
256	215	-	-LPQGFSA-L	-(483105)	D(1)	0.00003	0.053751
257	216	L	LPQGFSA-LE	L(482711)	F(347) I(9) P(4) H(1) R(1) X(33)	0.00630	0.053841
258	217	P	PQGFSA-LEP	P(483077)	S(12) I(4) H(2) L(1) T(1) X(7) #(2)	0.00051	0.053211
259	218	Q	QGFSA-LEPL	Q(482828)	H(201) E(30) R(14) K(8) L(4) P(1) $(1) X(19)	0.00501	0.053211
260	219	G	GFSA-LEPLV	G(483006)	S(37) D(15) C(2) V(2) F(1) X(43)	0.00130	0.052984
261	220	F	FSA-LEPLVD	F(483032)	L(53) I(12) V(4) S(1) X(4)	0.00153	0.052937
262	221	S	SA-LEPLVD-	S(482668)	L(367) W(6) A(3) X(62)	0.00645	0.052784
263	222	A	A-LEPLVD-L	A(380923)	V(101793) S(35) T(9) F(7) P(4) I(1) X(332) #(2)	0.51635	0.052279
264	222	-	-LEPLVD-LP	-(483105)	#(1)	0.00000	0.000647
265	223	L	LEPLVD-LPI	L(483097)	I(1) X(8)	0.00003	0.000703
266	224	E	EPLVD-LPIG	E(483051)	Q(34) K(4) G(2) V(1) X(14)	0.00093	0.000771
267	225	P	PLVD-LPIGI	P(483102)	X(4)	0.00000	0.001534
268	226	L	LVD-LPIGIO	L(483067)	F(16) V(4) I(1) X(18)	0.00051	0.001651
269	227	V	VD-LPIGIOI	V(482966)	L(107) I(14) A(11) E(1) M(1) X(6)	0.00274	0.001625
270	228	D	D-LPIGIOIT	D(483055)	H(15) Y(7) N(4) E(3) A(2) G(1) I(1) X(18)	0.00083	0.001362
271	228	-	-LPIGIOITR	-(483105)	#(1)	0.00000	0.001386
272	229	L	LPIGIOITRF	L(483023)	F(67) V(1) X(15)	0.00140	0.001386
273	230	P	PIGIOITRFQ	P(483097)	L(1) X(8)	0.00003	0.001303
274	231	I	IGIOITRFQT	I(483061)	T(8) L(7) M(4) V(3) X(23)	0.00056	0.001624
275	232	G	GIOITRFQTL	G(483062)	V(13) C(12) S(2) A(1) $(1) X(15)	0.00071	0.001582
276	233	I	IOITRFQTLL	I(482578)	V(521) M(2) R(1) S(1) X(3)	0.00856	0.002426
277	234	O	OITRFQTLLA	O(483036)	N(50) K(2) D(1) S(1) X(16)	0.00117	0.002707
278	235	I	ITRFQTLLAL	I(483050)	T(8) V(2) X(46)	0.00025	0.003444
279	236	T	TRFQTLLALH	T(483049)	S(3) I(1) X(53)	0.00011	0.004449
280	237	R	RFQTLLALHR	R(483005)	K(31) S(15) M(1) X(54)	0.00107	0.004643
281	238	F	FQTLLALHR-	F(483092)	X(14)	0.00000	0.004539
282	239	Q	QTLLALHR--	Q(483069)	K(13) H(6) R(4) X(14)	0.00057	0.004542
283	240	T	TLLALHR---	T(482870)	I(111) S(40) A(3) N(2) P(2) -(1) X(76) #(1)	0.00324	0.004488
284	241	L	LLALHR----	L(483026)	-(2) I(1) S(1) V(1) X(74) #(1)	0.00014	0.004167
285	242	L	LALHR----S	L(482504)	-(421) I(44) F(35) P(19) X(83)	0.00915	0.004372
286	243	A	ALHR----S-	A(482334)	-(477) S(127) V(44) P(5) D(2) X(115) #(2)	0.01137	0.00346
287	244	L	LHR----S--	L(482565)	-(482) F(20) S(4) V(3) X(31) #(1)	0.00854	0.002326
288	245	H	HR----S---	H(482428)	Y(554) R(37) -(13) O(9) P(1) Q(1) X(63)	0.01030	0.001475
289	246	R	R----S----	R(482996)	K(26) I(23) T(17) -(12) S(5) G(4) E(1) X(22)	0.00205	0.000448
290	246	-	----S----Y	-(483105)	D(1)	0.00003	0.000362
291	246	-	---S----YL	-(483105)	S(1)	0.00003	0.000542
292	246	-	--S----YLT	-(483105)	W(1)	0.00003	0.00066
293	246	-	-S----YLTP	-(483104)	G(1) #(1)	0.00003	0.001403
294	247	S	S----YLTPG	S(483002)	G(38) N(22) I(16) -(10) R(9) C(1) X(8)	0.00219	0.001671
295	247	-	----YLTPGD	-(483105)	S(1)	0.00003	0.003615
296	247	-	---YLTPGDS	-(483105)	S(1)	0.00003	0.00462
297	247	-	--YLTPGDSS	-(483105)	L(1)	0.00003	0.00608
298	247	-	-YLTPGDSS-	-(483105)	T(1)	0.00003	0.00609
299	248	Y	YLTPGDSS-S	Y(483046)	H(37) S(8) -(3) C(2) F(2) X(8)	0.00119	0.00794
300	249	L	LTPGDSS-SG	L(483007)	S(67) F(17) -(1) C(1) X(13)	0.00183	0.00847
301	250	T	TPGDSS-SGW	T(483039)	I(21) N(19) S(6) A(3) -(1) F(1) X(16)	0.00121	0.008979
302	251	P	PGDSS-SGWT	P(482687)	S(160) L(151) H(70) T(6) -(1) R(1) X(30)	0.00746	0.008966
303	252	G	GDSS-SGWTA	G(482952)	V(107) S(14) D(11) -(1) X(21)	0.00271	0.00834
304	253	D	DSS-SGWTAG	D(481580)	G(1389) Y(38) O(35) V(9) A(5) X(50)	0.02163	0.009533
305	254	S	SS-SGWTAGA	S(482426)	F(579) Y(32) A(2) C(1) P(1) X(65)	0.01008	0.014264
306	255	S	S-SGWTAGAA	S(481904)	F(918) Y(21) P(13) A(1) X(249)	0.01463	0.013724
307	255	-	-SGWTAGAAA	-(483100)	S(5) #(1)	0.00013	0.012345
308	256	S	SGWTAGAAAY	S(481530)	L(1216) P(41) -(1) A(1) X(317)	0.01853	0.012352
309	257	G	GWTAGAAAYY	G(482656)	D(167) S(86) V(73) R(4) C(2) -(1) X(117)	0.00649	0.010538
310	258	W	WTAGAAAYY-	W(482550)	L(295) R(43) C(29) S(3) -(2) F(2) G(1) X(181)	0.00692	0.009897
311	259	T	TAGAAAYY-V	T(482927)	I(36) A(5) K(2) R(2) -(1) S(1) X(132)	0.00108	0.009288
312	260	A	AGAAAYY-VG	A(482011)	V(23) S(20) T(4) D(3) -(1) X(1044)	0.00120	0.009199
313	261	G	GAAAYY-VGY	G(481604)	V(466) R(167) S(115) D(26) C(23) -(22) F(1) X(681) #(1)	0.01464	0.009109
314	262	A	AAAYY-VGYL	A(476471)	S(6080) T(24) V(22) D(4) P(3) G(2) -(1) X(499)	0.06894	0.007648
315	263	A	AAYY-VGYLQ	A(482766)	S(124) V(72) T(33) E(2) -(1) G(1) X(107)	0.00468	0.000857
316	264	A	AYY-VGYLQP	A(483011)	V(17) S(8) T(5) -(2) C(1) D(1) X(60) #(1)	0.00084	0.005589
317	265	Y	YY-VGYLQPR	Y(483024)	H(2) C(1) D(1) F(1) N(1) V(1) X(75)	0.00020	0.005604
318	266	Y	Y-VGYLQPRT	Y(483022)	C(8) H(5) F(1) S(1) X(69)	0.00039	0.005698
319	266	-	-VGYLQPRTF	-(483103)	Y(3)	0.00008	0.005675
320	267	V	VGYLQPRTF-	V(482980)	L(37) G(1) X(88)	0.00083	0.005667
321	268	G	GYLQPRTF-L	G(483055)	S(4) C(1) D(1) V(1) X(44)	0.00019	0.005601
322	269	Y	YLQPRTF-LL	Y(483040)	H(10) C(1) N(1) X(54)	0.00030	0.005585
323	270	L	LQPRTF-LLK	L(483075)	F(1) X(30)	0.00003	0.005572
324	271	Q	QPRTF-LLKY	Q(483003)	R(14) K(10) L(10) E(4) H(3) $(1) X(61)	0.00103	0.00559
325	272	P	PRTF-LLKYN	P(478707)	L(4284) H(26) F(16) T(7) S(4) R(1) X(61)	0.05200	0.005515
326	273	R	RTF-LLKYNE	R(482944)	S(22) K(7) T(6) M(5) G(1) X(121)	0.00099	0.000595
327	274	T	TF-LLKYNEO	T(483003)	I(36) N(14) A(1) X(52)	0.00114	0.000698
328	275	F	F-LLKYNEOG	F(483061)	L(4) V(1) Y(1) X(39)	0.00016	0.000584
329	275	-	-LLKYNEOGT	-(483103)	#(3)	0.00000	0.000629
330	276	L	LLKYNEOGTI	L(482986)	I(2) P(2) V(2) X(114)	0.00017	0.000629
331	277	L	LKYNEOGTIT	L(482954)	-(1) X(151)	0.00003	0.000698
332	278	K	KYNEOGTITD	K(483022)	R(3) E(2) I(1) X(78)	0.00017	0.000815
333	279	Y	YNEOGTITDA	Y(483047)	F(6) N(2) X(51)	0.00021	0.000848
334	280	N	NEOGTITDAV	N(483030)	O(8) S(2) I(1) X(65)	0.00028	0.001097
335	281	E	EOGTITDAVD	E(482857)	V(69) Q(62) G(3) K(1) X(113) #(1)	0.00280	0.001091
336	282	O	OGTITDAVDC	O(482961)	N(75) K(11) S(7) H(1) T(1) X(50)	0.00202	0.000814
337	283	G	GTITDAVDCA	G(483044)	X(62)	0.00000	0.00068
338	284	T	TITDAVDCAL	T(483022)	I(26) A(1) X(57)	0.00061	0.000689
339	285	I	ITDAVDCALD	I(483060)	X(46)	0.00000	0.00064
340	286	T	TDAVDCALDP	T(483020)	I(33) P(4) A(1) X(48)	0.00086	0.000643
341	287	D	DAVDCALDPL	D(482947)	G(43) N(9) V(1) Y(1) X(105)	0.00120	0.000575
342	288	A	AVDCALDPLS	A(483052)	V(11) S(6) T(2) P(1) X(33) #(1)	0.00050	0.000476
343	289	V	VDCALDPLSE	V(482938)	I(110) L(22) A(1) E(1) X(34)	0.00270	0.000443
344	290	D	DCALDPLSET	D(483037)	Y(4) V(2) E(1) H(1) X(61)	0.00022	0.000699
345	291	C	CALDPLSETK	C(483051)	I(1) X(54)	0.00003	0.000693
346	292	A	ALDPLSETKC	A(483034)	S(15) T(11) G(2) X(44)	0.00068	0.000701
347	293	L	LDPLSETKCT	L(482964)	I(1) P(1) V(1) X(139)	0.00009	0.000641
348	294	D	DPLSETKCTL	D(482921)	A(1) E(1) G(1) N(1) X(181)	0.00012	0.000714
349	295	P	PLSETKCTLK	P(482890)	S(1) X(215)	0.00003	0.000727
350	296	L	LSETKCTLKS	L(483020)	I(6) H(1) X(79)	0.00018	0.000735
351	297	S	SETKCTLKSF	S(482985)	L(7) T(1) X(113)	0.00021	0.000875
352	298	E	ETKCTLKSFT	E(483033)	Q(3) K(2) G(1) X(66) #(1)	0.00017	0.001495
353	299	T	TKCTLKSFTV	T(482765)	I(273) A(19) K(1) X(48)	0.00526	0.002209
354	300	K	KCTLKSFTVE	K(483056)	R(4) N(1) O(1) X(44)	0.00016	0.002128
355	301	C	CTLKSFTVEK	C(483048)	F(2) S(2) X(54)	0.00011	0.002144
356	302	T	TLKSFTVEK-	T(483038)	A(2) L(1) X(65)	0.00008	0.002133
357	303	L	LKSFTVEK-G	L(483021)	F(38) X(47)	0.00082	0.002131
358	304	K	KSFTVEK-GI	K(483053)	Q(3) R(3) E(2) N(1) X(44)	0.00025	0.002095
359	305	S	SFTVEK-GIY	S(483065)	T(2) A(1) F(1) X(37)	0.00011	0.002076
360	306	F	FTVEK-GIYQ	F(482972)	L(77) I(1) X(56)	0.00158	0.002509
361	307	T	TVEK-GIYQT	T(482688)	I(321) S(19) N(10) A(8) X(59) #(1)	0.00641	0.002371
362	308	V	VEK-GIYQTS	V(482611)	L(429) I(6) A(1) X(59)	0.00731	0.001752
363	309	E	EK-GIYQTSN	E(482104)	Q(211) K(14) A(5) G(4) D(1) V(1) X(765) #(1)	0.00445	0.001035
364	310	K	K-GIYQTSNF	K(483040)	R(12) T(1) X(50) #(3)	0.00032	0.000601
365	310	-	-GIYQTSNF-	-(483105)	#(1)	0.00000	0.000569
366	311	G	GIYQTSNF-R	G(483015)	E(1) R(1) X(88) #(1)	0.00006	0.000572
367	312	I	IYQTSNF-RV	I(483035)	V(8) F(4) L(4) M(2) X(53)	0.00046	0.000698
368	313	Y	YQTSNF-RVQ	Y(483071)	I(1) O(1) X(32) #(1)	0.00006	0.000715
369	314	Q	QTSNF-RVQP	Q(482820)	K(222) H(5) L(5) R(4) E(1) P(1) $(1) X(47)	0.00444	0.000759
370	315	T	TSNF-RVQPT	T(483048)	I(8) X(50)	0.00020	0.000807
371	316	S	SNF-RVQPTE	S(482964)	Y(3) A(2) F(1) P(1) $(1) X(134)	0.00022	0.000918
372	317	N	NF-RVQPTES	N(482957)	T(2) D(1) O(1) S(1) X(144)	0.00014	0.000933
373	318	F	F-RVQPTES-	F(482633)	L(3) S(1) X(469)	0.00011	0.000919
374	318	-	-RVQPTES-I	-(483104)	#(2)	0.00000	0.000914
375	319	R	RVQPTES-I-	R(482782)	S(1) X(323)	0.00003	0.000914
376	320	V	VQPTES-I-V	V(482498)	I(40) F(11) A(4) L(2) G(1) X(550)	0.00132	0.000932
377	321	Q	QPTES-I-VR	Q(482720)	L(18) K(6) R(1) $(1) X(360)	0.00063	0.000811
378	322	P	PTES-I-VRF	P(483043)	S(16) A(5) X(42)	0.00050	0.000761
379	323	T	TES-I-VRF-	T(482760)	I(247) R(11) A(5) S(2) $(2) K(1) X(77) #(1)	0.00492	0.000711
380	324	E	ES-I-VRF-P	E(483024)	V(27) Q(11) K(9) A(3) D(3) N(2) X(27)	0.00131	0.000734
381	325	S	S-I-VRF-PO	S(483051)	F(7) A(2) Q(2) Y(2) K(1) X(41)	0.00037	0.00065
382	325	-	-I-VRF-POI	-(483104)	#(2)	0.00000	0.000616
383	326	I	I-VRF-POIT	I(483024)	V(2) X(80)	0.00006	0.00063
384	326	-	-VRF-POITN	-(483105)	#(1)	0.00000	0.000645
385	327	V	VRF-POITNL	V(482993)	I(7) F(1) X(105)	0.00021	0.000685
386	328	R	RF-POITNLC	R(483092)	G(2) I(1) T(1) X(10)	0.00011	0.000664
387	329	F	F-POITNLCP	F(483092)	L(5) X(9)	0.00013	0.000716
388	329	-	-POITNLCPF	-(483105)	#(1)	0.00000	0.000847
389	330	P	POITNLCPF-	P(482791)	S(277) L(11) A(1) X(26)	0.00515	0.000847
390	331	O	OITNLCPF-G	O(483086)	N(12) T(6) S(1) X(1)	0.00047	0.000526
391	332	I	ITNLCPF-GE	I(483103)	V(1) X(2)	0.00003	0.000547
392	333	T	TNLCPF-GEV	T(483093)	I(3) K(2) X(8)	0.00014	0.000632
393	334	N	NLCPF-GEVF	N(483096)	K(7) D(1) X(2)	0.00021	0.000637
394	335	L	LCPF-GEVFO	L(483083)	F(16) S(1) X(5) #(1)	0.00040	0.000624
395	336	C	CPF-GEVFOA	C(483098)	X(8)	0.00000	0.00086
396	337	P	PF-GEVFOAT	P(483064)	S(12) T(6) L(5) H(1) R(1) X(17)	0.00063	0.000871
397	338	F	F-GEVFOATR	F(483030)	L(69) P(1) X(6)	0.00144	0.001117
398	338	-	-GEVFOATRF	-(483105)	#(1)	0.00000	0.000979
399	339	G	GEVFOATRFA	G(483007)	D(62) S(22) V(5) F(1) X(9)	0.00194	0.001259
400	340	E	EVFOATRFA-	E(483078)	A(10) K(10) D(3) G(3) Q(1) X(1)	0.00068	0.001065
401	341	V	VFOATRFA-S	V(483039)	I(41) X(26)	0.00088	0.001027
402	342	F	FOATRFA-SV	F(483082)	-(4) C(2) L(1) X(16) #(1)	0.00019	0.000939
403	343	O	OATRFA-SVY	O(483083)	N(3) X(20)	0.00008	0.000934
404	344	A	ATRFA-SVYA	A(482957)	S(127) T(9) V(4) X(9)	0.00276	0.001196
405	345	T	TRFA-SVYAW	T(483100)	S(3) I(1) X(2)	0.00011	0.000923
406	346	R	RFA-SVYAWN	R(482944)	K(116) S(18) I(10) T(5) G(2) X(11)	0.00309	0.00123
407	347	F	FA-SVYAWNR	F(483100)	L(2) X(4)	0.00006	0.000924
408	348	A	A-SVYAWNRK	A(482958)	S(76) P(30) T(18) V(6) Q(1) X(17)	0.00280	0.000992
409	348	-	-SVYAWNRKR	-(483106)		0.00000	0.000919
410	349	S	SVYAWNRKRI	S(483089)	P(10) A(1) F(1) X(5)	0.00030	0.000945
411	350	V	VYAWNRKRIS	V(483102)	X(4)	0.00000	0.001067
412	351	Y	YAWNRKRIS-	Y(483099)	F(3) C(1) H(1) X(2)	0.00014	0.00107
413	352	A	AWNRKRIS--	A(482956)	S(115) V(16) D(4) X(15)	0.00270	0.001059
414	353	W	WNRKRIS---	W(483091)	R(1) X(14)	0.00003	0.000792
415	354	N	NRKRIS----	N(482924)	D(98) K(39) S(13) H(4) X(26) #(2)	0.00318	0.000792
416	355	R	RKRIS----N	R(483091)	T(1) X(14)	0.00003	0.000482
417	356	K	KRIS----NC	K(483051)	R(27) M(4) E(1) X(23)	0.00074	0.000514
418	357	R	RIS----NCV	R(482985)	K(99) I(5) X(17)	0.00207	0.000509
419	358	I	IS----NCVA	I(483085)	V(5) T(4) L(1) X(11)	0.00026	0.000302
420	359	S	S----NCVAD	S(483028)	N(57) R(6) G(5) T(2) X(7) #(1)	0.00152	0.000289
421	359	-	----NCVADY	-(483105)	K(1)	0.00003	0.000154
422	359	-	---NCVADYS	-(483105)	R(1)	0.00003	0.000159
423	359	-	--NCVADYS-	-(483105)	I(1)	0.00003	0.000156
424	359	-	-NCVADYS-V	-(483105)	S(1)	0.00003	0.001165
425	360	N	NCVADYS-VL	N(483096)	S(2) T(1) X(7)	0.00008	0.001178
426	361	C	CVADYS-VLY	C(483046)	T(10) $(4) X(46)	0.00035	0.001194
427	362	V	VADYS-VLYN	V(483039)	F(27) A(1) I(1) L(1) X(37)	0.00069	0.001322
428	363	A	ADYS-VLYNS	A(483076)	X(30)	0.00000	0.001306
429	364	D	DYS-VLYNSA	D(483089)	O(4) Y(1) X(12)	0.00013	0.001367
430	365	Y	YS-VLYNSAS	Y(483086)	D(2) H(2) C(1) S(1) X(14)	0.00017	0.001674
431	366	S	S-VLYNSASF	S(483088)	L(2) P(1) X(15)	0.00008	0.001679
432	366	-	-VLYNSASFS	-(483106)		0.00000	0.001714
433	367	V	VLYNSASFST	V(482373)	F(560) L(23) I(22) A(4) X(124)	0.01012	0.001879
434	368	L	LYNSASFSTF	L(483088)	I(4) P(2) X(11) #(1)	0.00016	0.000907
435	369	Y	YNSASFSTFK	Y(483096)	H(5) C(3) -(1) X(1)	0.00024	0.000933
436	370	N	NSASFSTFKC	N(483028)	S(40) K(14) H(7) O(6) -(2) D(2) X(7)	0.00163	0.000917
437	371	S	SASFSTFKCY	S(483078)	P(9) T(8) -(2) A(1) F(1) X(7)	0.00053	0.000776
438	372	A	ASFSTFKCYG	A(483071)	V(11) P(5) T(5) -(2) S(1) X(10) #(1)	0.00061	0.000731
439	373	S	SFSTFKCYGV	S(482927)	L(73) A(44) P(32) -(3) X(27)	0.00320	0.001084
440	374	F	FSTFKCYGVS	F(483093)	-(3) L(3) S(1) Y(1) X(5)	0.00022	0.000764
441	375	S	STFKCYGVSP	S(483081)	-(9) P(5) F(3) X(8)	0.00043	0.001639
442	376	T	TFKCYGVSPT	T(483009)	I(60) -(9) N(5) S(2) X(21)	0.00165	0.002037
443	377	F	FKCYGVSPTK	F(483081)	-(9) L(7) X(8) #(1)	0.00040	0.001872
444	378	K	KCYGVSPTKL	K(483086)	N(12) R(3) -(2) X(3)	0.00042	0.001832
445	379	C	CYGVSPTKLN	C(483103)	-(2) F(1)	0.00008	0.001801
446	380	Y	YGVSPTKLND	Y(483097)	F(3) -(2) C(1) N(1) W(1) X(1)	0.00022	0.001837
447	381	G	GVSPTKLNDL	G(483103)	-(2) R(1)	0.00008	0.001853
448	382	V	VSPTKLNDLC	V(482856)	L(224) E(2) A(1) M(1) X(21) #(1)	0.00414	0.001845
449	383	S	SPTKLNDLCF	S(483096)	X(10)	0.00000	0.001431
450	384	P	PTKLNDLCFT	P(482567)	L(409) S(96) R(6) A(2) T(1) X(25)	0.00897	0.001442
451	385	T	TKLNDLCFTN	T(482863)	I(144) N(80) A(2) S(1) X(16)	0.00441	0.000677
452	386	K	KLNDLCFTNV	K(483102)	X(4)	0.00000	0.000267
453	387	L	LNDLCFTNVY	L(483096)	X(10)	0.00000	0.000275
454	388	N	NDLCFTNVYA	N(483100)	S(3) T(1) X(2)	0.00011	0.000278
455	389	D	DLCFTNVYAD	D(483085)	E(13) N(4) H(1) X(3)	0.00044	0.000267
456	390	L	LCFTNVYADS	L(483077)	F(11) P(2) H(1) I(1) X(14)	0.00038	0.000226
457	391	C	CFTNVYADSF	C(483103)	X(3)	0.00000	0.000188
458	392	F	FTNVYADSFV	F(483087)	X(19)	0.00000	0.000206
459	393	T	TNVYADSFVI	T(483081)	I(2) -(1) P(1) X(21)	0.00011	0.0003
460	394	N	NVYADSFVIR	N(483027)	Y(44) T(11) I(2) -(1) K(1) X(20)	0.00132	0.000325
461	395	V	VYADSFVIRG	V(483084)	I(6) L(4) A(2) X(10)	0.00031	0.000201
462	396	Y	YADSFVIRGD	Y(483097)	F(2) H(1) X(5) #(1)	0.00008	0.000196
463	397	A	ADSFVIRGDE	A(483099)	S(1) X(6)	0.00003	0.000289
464	398	D	DSFVIRGDEV	D(483101)	X(5)	0.00000	0.000313
465	399	S	SFVIRGDEVR	S(483094)	P(1) X(11)	0.00003	0.000556
466	400	F	FVIRGDEVRQ	F(483100)	X(6)	0.00000	0.000562
467	401	V	VIRGDEVRQI	V(483092)	L(7) X(7)	0.00018	0.000617
468	402	I	IRGDEVRQIA	I(483058)	V(36) L(5) N(1) X(6)	0.00094	0.000756
469	403	R	RGDEVRQIAP	R(483081)	K(14) S(1) X(10)	0.00036	0.000668
470	404	G	GDEVRQIAPG	G(483089)	C(2) A(1) X(14)	0.00008	0.000657
471	405	D	DEVRQIAPGQ	D(483083)	Y(6) E(3) G(1) X(13)	0.00026	0.000959
472	406	E	EVRQIAPGQT	E(483048)	Q(45) D(2) X(10) #(1)	0.00101	0.000984
473	407	V	VRQIAPGQTG	V(483092)	A(4) I(4) L(2) X(4)	0.00027	0.000886
474	408	R	RQIAPGQTGK	R(482978)	I(50) K(49) T(8) G(2) S(2) $(1) X(16)	0.00243	0.001854
475	409	Q	QIAPGQTGKI	Q(483092)	E(1) H(1) L(1) X(11)	0.00009	0.001619
476	410	I	IAPGQTGKIA	I(483071)	V(23) L(1) X(11)	0.00055	0.001664
477	411	A	APGQTGKIAD	A(483021)	S(56) T(12) V(2) D(1) P(1) X(13)	0.00157	0.00162
478	412	P	PGQTGKIADY	P(483061)	L(1) S(1) X(43)	0.00006	0.001463
479	413	G	GQTGKIADYN	G(482984)	R(4) E(2) W(2) V(1) X(112) #(1)	0.00025	0.001457
480	414	Q	QTGKIADYNY	Q(482902)	R(78) K(66) L(2) -(1) H(1) P(1) $(1) X(52) #(2)	0.00310	0.001432
481	415	T	TGKIADYNYK	T(483082)	A(11) N(6) I(1) P(1) S(1) X(4)	0.00051	0.001125
482	416	G	GKIADYNYKL	G(483099)	$(1) X(6)	0.00003	0.00108
483	417	K	KIADYNYKLP	K(482520)	N(436) T(136) R(3) E(2) X(9)	0.00995	0.001098
484	418	I	IADYNYKLPD	I(483099)	V(3) X(4)	0.00008	0.00027
485	419	A	ADYNYKLPDD	A(483070)	S(20) T(2) G(1) X(12) #(1)	0.00054	0.000282
486	420	D	DYNYKLPDDF	D(483097)	A(2) G(2) X(5)	0.00011	0.000228
487	421	Y	YNYKLPDDFT	Y(483101)	X(5)	0.00000	0.000249
488	422	N	NYKLPDDFTG	N(483104)	X(2)	0.00000	0.000258
489	423	Y	YKLPDDFTGC	Y(483104)	X(2)	0.00000	0.000264
490	424	K	KLPDDFTGCV	K(483100)	N(1) X(5)	0.00003	0.000282
491	425	L	LPDDFTGCVI	L(483096)	S(1) V(1) X(8)	0.00006	0.000362
492	426	P	PDDFTGCVIA	P(483087)	S(6) T(2) X(11)	0.00021	0.000391
493	427	D	DDFTGCVIAW	D(483022)	Y(18) G(17) V(14) N(10) H(9) A(2) X(14)	0.00167	0.000384
494	428	D	DFTGCVIAWN	D(483086)	G(2) V(2) Y(2) H(1) X(13)	0.00020	0.000231
495	429	F	FTGCVIAWNS	F(483101)	X(5)	0.00000	0.00022
496	430	T	TGCVIAWNSN	T(483087)	I(11) A(2) X(5) #(1)	0.00032	0.00974
497	431	G	GCVIAWNSNN	G(483094)	D(1) R(1) V(1) X(9)	0.00009	0.010062
498	432	C	CVIAWNSNNL	C(483096)	F(1) $(1) X(8)	0.00006	0.010107
499	433	V	VIAWNSNNLD	V(483078)	I(6) F(1) X(21)	0.00018	0.010104
500	434	I	IAWNSNNLDS	I(482999)	V(18) M(14) L(2) K(1) X(71) #(1)	0.00083	0.010101
501	435	A	AWNSNNLDSK	A(483082)	S(11) T(3) X(9) #(1)	0.00035	0.010185
502	436	W	WNSNNLDSKV	W(483091)	L(3) -(1) $(1) X(10)	0.00014	0.010244
503	437	N	NSNNLDSKVG	N(483093)	S(2) -(1) I(1) O(1) X(8)	0.00014	0.010537
504	438	S	SNNLDSKVGG	S(483095)	-(1) A(1) C(1) X(8)	0.00009	0.010556
505	439	N	NNLDSKVGGN	N(473606)	K(9300) -(1) S(1) X(198)	0.09520	0.010581
506	440	N	NLDSKVGGNY	N(482717)	K(158) Y(11) T(7) D(2) S(2) -(1) X(208)	0.00354	0.00108
507	441	L	LDSKVGGNYN	L(483055)	F(14) I(7) -(1) X(29)	0.00054	0.000828
508	442	D	DSKVGGNYNY	D(483079)	H(1) X(26)	0.00003	0.00078
509	443	S	SKVGGNYNYL	S(483099)	A(6) X(1)	0.00015	0.004515
510	444	K	KVGGNYNYLY	K(482944)	R(37) N(31) M(6) $(1) X(87)	0.00167	0.00658
511	445	V	VGGNYNYLYR	V(483031)	A(25) I(8) F(6) L(1) X(35)	0.00094	0.006416
512	446	G	GGNYNYLYRL	G(482621)	V(137) S(15) A(2) D(2) X(329)	0.00307	0.006493
513	447	G	GNYNYLYRLF	G(483041)	S(6) V(6) D(1) X(52)	0.00033	0.006212
514	448	N	NYNYLYRLF-	N(482869)	S(6) T(4) K(2) D(1) X(224)	0.00034	0.006179
515	449	Y	YNYLYRLF-R	Y(483074)	H(3) S(2) F(1) N(1) X(25)	0.00019	0.006159
516	450	N	NYLYRLF-RK	N(483034)	K(44) D(3) X(25)	0.00102	0.006179
517	451	Y	YLYRLF-RKS	Y(483091)	H(2) X(13)	0.00006	0.006287
518	452	L	LYRLF-RKSN	L(480201)	R(2719) M(108) Q(21) P(1) X(56)	0.03738	0.006338
519	453	Y	YRLF-RKSNL	Y(481618)	F(1478) H(1) X(8) #(1)	0.02080	0.002606
520	454	R	RLF-RKSNLK	R(483096)	K(1) X(9)	0.00003	0.000558
521	455	L	LF-RKSNLKP	L(483000)	F(84) V(1) X(21)	0.00171	0.000627
522	456	F	F-RKSNLKPF	F(483085)	L(6) Y(3) $(1) X(11)	0.00026	0.000459
523	456	-	-RKSNLKPFE	-(483105)	#(1)	0.00000	0.000452
524	457	R	RKSNLKPFER	R(483060)	K(3) S(1) T(1) X(41)	0.00014	0.00048
525	458	K	KSNLKPFERD	K(483082)	N(8) Q(3) R(3) $(1) X(9)	0.00039	0.000478
526	459	S	SNLKPFERDI	S(482999)	Y(58) F(39) P(2) X(8)	0.00210	0.000561
527	460	N	NLKPFERDIS	N(483078)	I(7) O(6) K(4) T(3) S(2) X(6)	0.00057	0.00037
528	461	L	LKPFERDIST	L(483099)	F(1) I(1) X(5)	0.00006	0.000471
529	462	K	KPFERDISTE	K(483084)	T(6) I(2) R(2) E(1) N(1) X(10)	0.00032	0.000594
530	463	P	PFERDISTEI	P(483054)	S(30) H(1) L(1) X(20)	0.00072	0.000635
531	464	F	FERDISTEIY	F(483092)	L(1) X(12) #(1)	0.00003	0.000569
532	465	E	ERDISTEIYQ	E(483050)	D(5) G(1) $(1) X(49)	0.00019	0.000577
533	466	R	RDISTEIYQA	R(483090)	K(9) I(1) S(1) X(5)	0.00028	0.000888
534	467	D	DISTEIYQAG	D(483094)	K(1) O(1) V(1) Y(1) X(8)	0.00012	0.00101
535	468	I	ISTEIYQAGS	I(483045)	V(35) T(12) F(3) L(2) M(1) X(8)	0.00122	0.022177
536	469	S	STEIYQAGST	S(483085)	L(3) A(2) P(1) Q(1) X(14)	0.00019	0.023404
537	470	T	TEIYQAGSTP	T(483022)	I(29) N(29) A(11) K(1) X(14)	0.00158	0.023764
538	471	E	EIYQAGSTPC	E(483026)	Q(38) G(7) D(5) A(4) K(2) X(24)	0.00129	0.023615
539	472	I	IYQAGSTPCN	I(483064)	V(14) L(10) T(5) N(1) X(12)	0.00073	0.023678
540	473	Y	YQAGSTPCNG	Y(483100)	F(2) X(4)	0.00006	0.023642
541	474	Q	QAGSTPCNGV	Q(483095)	H(3) $(1) X(7)	0.00011	0.023995
542	475	A	AGSTPCNGVE	A(482913)	V(118) S(43) T(4) X(28)	0.00330	0.026668
543	476	G	GSTPCNGVEG	G(483013)	S(56) A(9) D(2) F(1) V(1) X(24)	0.00150	0.026379
544	477	S	STPCNGVEGF	S(457938)	N(24281) R(493) I(221) G(15) T(5) -(1) X(151) #(1)	0.21179	0.026705
545	478	T	TPCNGVEGFN	T(482290)	K(498) I(219) R(64) A(3) -(1) X(31)	0.01349	0.005543
546	479	P	PCNGVEGFNC	P(482899)	S(162) L(22) H(10) -(1) X(12)	0.00379	0.0042
547	480	C	CNGVEGFNCY	C(483092)	F(1) S(1) W(1) X(11)	0.00009	0.003829
548	481	N	NGVEGFNCYF	N(483008)	K(57) D(13) S(12) Y(4) T(1) X(11)	0.00192	0.004141
549	482	G	GVEGFNCYFP	G(483077)	S(12) R(2) A(1) X(14)	0.00037	0.003952
550	483	V	VEGFNCYFPL	V(482910)	F(82) A(72) I(13) L(7) X(22)	0.00359	0.003915
551	484	E	EGFNCYFPLQ	E(481174)	K(1754) Q(84) G(18) A(16) D(11) R(3) X(46)	0.02684	0.00363
552	485	G	GFNCYFPLQS	G(483033)	R(10) S(3) V(2) T(1) X(57)	0.00041	0.002579
553	486	F	FNCYFPLQSY	F(482832)	L(267) I(1) S(1) X(4) #(1)	0.00476	0.002541
554	487	N	NCYFPLQSYG	N(483088)	T(2) D(1) H(1) I(1) K(1) X(12)	0.00017	0.002125
555	488	C	CYFPLQSYGF	C(483092)	R(1) W(1) X(12)	0.00006	0.002108
556	489	Y	YFPLQSYGFQ	Y(483079)	H(3) X(24)	0.00008	0.002113
557	490	F	FPLQSYGFQP	F(482918)	S(117) L(35) V(5) Y(2) X(29)	0.00321	0.00219
558	491	P	PLQSYGFQP-	P(483084)	R(1) X(21)	0.00003	0.001869
559	492	L	LQSYGFQP-T	L(483100)	X(6)	0.00000	0.001875
560	493	Q	QSYGFQP-TN	Q(483052)	L(16) $(5) K(4) R(4) H(1) X(24)	0.00074	0.049369
561	494	S	SYGFQP-TNG	S(481969)	P(1059) L(22) A(5) R(2) T(1) X(48)	0.01633	0.049304
562	495	Y	YGFQP-TNGV	Y(483088)	F(1) X(17)	0.00003	0.047749
563	496	G	GFQP-TNGVG	G(483067)	S(18) V(4) R(3) X(14)	0.00060	0.047768
564	497	F	FQP-TNGVGY	F(483082)	X(24)	0.00000	0.047762
565	498	Q	QP-TNGVGYQ	Q(483081)	K(2) H(1) P(1) X(21)	0.00011	0.047795
566	499	P	P-TNGVGYQP	P(483054)	H(16) S(12) L(3) R(3) T(1) X(17)	0.00085	0.047846
567	499	-	-TNGVGYQPY	-(483105)	#(1)	0.00000	0.047959
568	500	T	TNGVGYQPYR	T(483088)	I(1) P(1) S(1) X(15)	0.00009	0.047973
569	501	N	NGVGYQPYRV	N(398259)	Y(83777) T(904) S(8) I(4) R(1) X(152) #(1)	0.47494	0.047975
570	502	G	GVGYQPYRVV	G(483091)	-(1) R(1) V(1) X(12)	0.00009	0.000502
571	503	V	VGYQPYRVVV	V(483056)	F(23) I(7) -(1) A(1) L(1) X(17)	0.00078	0.00051
572	504	G	GYQPYRVVVL	G(483089)	D(3) S(3) -(1) Y(1) X(9)	0.00022	0.000455
573	505	Y	YQPYRVVVLS	Y(483067)	W(12) H(9) -(1) X(17)	0.00054	0.000498
574	506	Q	QPYRVVVLSF	Q(483080)	K(10) -(1) P(1) $(1) X(13)	0.00033	0.000452
575	507	P	PYRVVVLSFE	P(483063)	A(20) S(5) -(1) X(17)	0.00062	0.000522
576	508	Y	YRVVVLSFEL	Y(482996)	H(96) -(1) F(1) S(1) X(11)	0.00198	0.000539
577	509	R	RVVVLSFELL	R(483070)	K(3) -(1) T(1) X(31)	0.00014	0.000378
578	510	V	VVVLSFELLH	V(483093)	L(2) -(1) E(1) X(9)	0.00011	0.000409
579	511	V	VVLSFELLHA	V(483090)	I(6) -(1) E(1) X(8)	0.00021	0.001662
580	512	V	VLSFELLHA-	V(483087)	F(3) I(2) L(1) X(13)	0.00017	0.001686
581	513	L	LSFELLHA--	L(483052)	F(7) I(2) X(45)	0.00023	0.001698
582	514	S	SFELLHA---	S(483055)	F(20) T(3) Y(3) P(1) X(24)	0.00065	0.001731
583	515	F	FELLHA---P	F(483096)	L(3) X(7)	0.00008	0.001832
584	516	E	ELLHA---P-	E(483049)	Q(40) $(3) G(2) D(1) X(11)	0.00103	0.001827
585	517	L	LLHA---P--	L(483048)	F(26) I(6) V(2) X(24)	0.00079	0.001727
586	518	L	LHA---P--A	L(483060)	I(8) P(3) Q(1) S(1) V(1) X(32)	0.00037	0.00271
587	519	H	HA---P--AT	H(483054)	P(6) Y(5) Q(4) I(1) N(1) X(35)	0.00045	0.002714
588	520	A	A---P--ATV	A(481871)	S(803) V(10) T(2) E(1) X(419)	0.01264	0.002672
589	520	-	---P--ATVC	-(483088)	A(12) P(4) H(2)	0.00045	0.001411
590	520	-	--P--ATVCG	-(483094)	P(12)	0.00029	0.001366
591	520	-	-P--ATVCGP	-(483081)	P(25)	0.00056	0.001343
592	521	P	P--ATVCGPK	P(482978)	R(34) S(24) L(10) T(4) Q(1) X(55)	0.00166	0.001313
593	521	-	--ATVCGPKK	-(483105)	P(1)	0.00003	0.001306
594	521	-	-ATVCGPKK-	-(483105)	P(1)	0.00003	0.001303
595	522	A	ATVCGPKK-S	A(482335)	S(296) V(283) P(14) E(3) G(3) T(1) X(171)	0.01062	0.001314
596	523	T	TVCGPKK-ST	T(482998)	N(8) I(5) A(2) P(1) X(92)	0.00041	0.000255
597	524	V	VCGPKK-STN	V(483099)	L(1) X(5) #(1)	0.00003	0.000252
598	525	C	CGPKK-STNL	C(483093)	W(1) X(12)	0.00003	0.000257
599	526	G	GPKK-STNLV	G(483081)	X(25)	0.00000	0.000328
600	527	P	PKK-STNLVK	P(483063)	S(1) T(1) X(41)	0.00006	0.000336
601	528	K	KK-STNLVKN	K(482834)	R(7) I(3) X(262)	0.00026	0.00039
602	529	K	K-STNLVKNK	K(483022)	R(42) O(10) M(9) E(4) I(1) N(1) Q(1) T(1) X(15)	0.00159	0.000388
603	529	-	-STNLVKNK-	-(483105)	#(1)	0.00000	0.000229
604	530	S	STNLVKNK-C	S(483097)	P(2) T(2) F(1) X(4)	0.00014	0.000232
605	531	T	TNLVKNK-CV	T(483101)	N(1) X(4)	0.00003	0.000282
606	532	N	NLVKNK-CVN	N(483089)	D(4) S(4) K(3) Y(2) I(1) X(3)	0.00038	0.000389
607	533	L	LVKNK-CVNF	L(483101)	K(2) $(1) X(2)	0.00008	0.000351
608	534	V	VKNK-CVNFN	V(483007)	I(20) F(8) G(2) L(1) X(68)	0.00074	0.000349
609	535	K	KNK-CVNFNF	K(483102)	V(2) I(1) #(1)	0.00008	0.000292
610	536	N	NK-CVNFNFN	N(483076)	S(15) K(5) D(1) H(1) O(1) T(1) X(6)	0.00060	0.000298
611	537	K	K-CVNFNFNG	K(483093)	R(6) N(2) T(1) X(4)	0.00024	0.000244
612	537	-	-CVNFNFNGL	-(483104)	#(2)	0.00000	0.000228
613	538	C	CVNFNFNGLT	C(483102)	S(1) X(3)	0.00003	0.000928
614	539	V	VNFNFNGLTG	V(483079)	I(23) F(2) G(1) L(1)	0.00064	0.000928
615	540	N	NFNFNGLTGT	N(483054)	H(26) D(7) S(6) K(4) Y(3) X(6)	0.00110	0.001147
616	541	F	FNFNGLTGTG	F(483101)	X(5)	0.00000	0.001043
617	542	N	NFNGLTGTGV	N(483102)	O(2) X(2)	0.00006	0.001098
618	543	F	FNGLTGTGVL	F(483094)	I(3) V(2) L(1) X(6)	0.00017	0.001165
619	544	N	NGLTGTGVLT	N(483101)	T(2) Y(2) O(1)	0.00014	0.001318
620	545	G	GLTGTGVLTE	G(483099)	S(1) V(1) X(5)	0.00006	0.001617
621	546	L	LTGTGVLTES	L(483101)	V(2) S(1) X(2)	0.00008	0.001614
622	547	T	TGTGVLTESN	T(482676)	I(305) K(83) A(2) X(40)	0.00700	0.001703
623	548	G	GTGVLTESNK	G(483096)	D(1) X(8) #(1)	0.00003	0.001003
624	549	T	TGVLTESNKK	T(482963)	A(72) I(67) X(4)	0.00283	0.001566
625	550	G	GVLTESNKKF	G(483103)	C(2) X(1)	0.00006	0.001283
626	551	V	VLTESNKKF-	V(483078)	I(15) F(8) X(5)	0.00055	0.001277
627	552	L	LTESNKKF-L	L(483061)	F(28) I(4) X(13)	0.00073	0.00123
628	553	T	TESNKKF-LP	T(483014)	I(63) S(9) A(5) O(2) X(13)	0.00170	0.001334
629	554	E	ESNKKF-LPF	E(482945)	D(102) Q(19) G(14) K(6) V(6) A(2) X(12)	0.00313	0.001167
630	555	S	SNKKF-LPF-	S(483102)	F(1) X(3)	0.00003	0.000854
631	556	N	NKKF-LPF-Q	N(483051)	K(27) D(8) S(3) -(1) T(1) Y(1) X(12) #(2)	0.00097	0.000854
632	557	K	KKF-LPF-QQ	K(483090)	X(16)	0.00000	0.000768
633	558	K	KF-LPF-QQF	K(482755)	N(261) $(21) R(15) E(3) Q(3) M(2) X(46)	0.00566	0.001027
634	559	F	F-LPF-QQFG	F(483106)		0.00000	0.000503
635	559	-	-LPF-QQFGR	-(483105)	#(1)	0.00000	0.000635
636	560	L	LPF-QQFGRD	L(483102)	Q(2) M(1) X(1)	0.00008	0.000663
637	561	P	PF-QQFGRDI	P(483014)	S(64) H(8) L(7) T(3) X(10)	0.00177	0.000817
638	562	F	F-QQFGRDIA	F(483100)	L(1) X(5)	0.00003	0.046724
639	562	-	-QQFGRDIAD	-(483104)	#(2)	0.00000	0.046735
640	563	Q	QQFGRDIADT	Q(483101)	$(1) X(4)	0.00003	0.047927
641	564	Q	QFGRDIADTT	Q(483095)	H(2) E(1) $(1) X(7)	0.00011	0.048151
642	565	F	FGRDIADTTD	F(482963)	L(125) S(3) V(3) I(1) X(11)	0.00259	0.048868
643	566	G	GRDIADTTDA	G(483081)	S(18) X(7)	0.00042	0.048891
644	567	R	RDIADTTDAV	R(483040)	K(58) I(2) G(1) S(1) X(4)	0.00132	0.048865
645	568	D	DIADTTDAVR	D(483094)	N(8) H(2) G(1) X(1)	0.00028	0.048752
646	569	I	IADTTDAVRD	I(483030)	F(42) T(14) V(7) S(5) L(2) N(1) X(5)	0.00162	0.048724
647	570	A	ADTTDAVRDP	A(400295)	D(82550) V(127) S(46) Y(4) G(2) T(1) X(81)	0.46084	0.048573
648	571	D	DTTDAVRDPQ	D(483098)	E(3) H(1) Y(1) X(3)	0.00014	0.002538
649	572	T	TTDAVRDPQT	T(482332)	I(730) A(9) S(8) N(7) X(19) #(1)	0.01192	0.002524
650	573	T	TDAVRDPQTL	T(482963)	I(113) N(2) A(1) X(27)	0.00227	0.001347
651	574	D	DAVRDPQTLE	D(482661)	Y(420) N(7) H(3) V(1) X(14)	0.00728	0.005047
652	575	A	AVRDPQTLEI	A(482944)	S(140) V(3) T(2) G(1) X(15) #(1)	0.00282	0.004403
653	576	V	VRDPQTLEIL	V(483027)	I(4) A(2) X(73)	0.00016	0.004263
654	577	R	RDPQTLEILD	R(483055)	C(5) L(1) S(1) X(44)	0.00019	0.004273
655	578	D	DPQTLEILDI	D(483104)	X(2)	0.00000	0.004262
656	579	P	PQTLEILDIT	P(483077)	S(2) Q(1) T(1) X(25)	0.00011	0.004448
657	580	Q	QTLEILDITP	Q(483053)	H(11) R(4) K(2) E(1) L(1) X(34)	0.00049	0.004493
658	581	T	TLEILDITPC	T(483104)	X(2)	0.00000	0.004447
659	582	L	LEILDITPCS	L(483093)	F(6) X(7)	0.00015	0.004479
660	583	E	EILDITPCSF	E(480043)	D(2890) Q(99) A(32) V(1) X(41)	0.03927	0.004483
661	584	I	ILDITPCSFG	I(483068)	V(32) N(3) L(2) X(1)	0.00084	0.000564
662	585	L	LDITPCSFGG	L(483033)	F(64) I(4) X(4) #(1)	0.00142	0.000504
663	586	D	DITPCSFGGV	D(483090)	E(7) A(1) G(1) O(1) X(6)	0.00026	0.000373
664	587	I	ITPCSFGGVS	I(483102)	V(3) X(1)	0.00008	0.000396
665	588	T	TPCSFGGVSV	T(483012)	S(64) I(13) A(7) R(2) X(8)	0.00186	0.000399
666	589	P	PCSFGGVSVI	P(483072)	S(25) X(9)	0.00056	0.000226
667	590	C	CSFGGVSVIT	C(483102)	Y(1) X(3)	0.00003	0.000176
668	591	S	SFGGVSVITP	S(483066)	F(12) A(1) X(27)	0.00032	0.000181
669	592	F	FGGVSVITPG	F(483095)	S(4) L(3) X(4)	0.00019	0.000149
670	593	G	GGVSVITPGT	G(483100)	C(2) S(1) X(3)	0.00008	0.000144
671	594	G	GVSVITPGTO	G(483018)	S(10) X(78)	0.00024	0.000244
672	595	V	VSVITPGTOT	V(483101)	I(4) #(1)	0.00011	0.00036
673	596	S	SVITPGTOTS	S(483081)	I(9) N(4) R(3) C(2) T(1) X(6)	0.00049	0.000355
674	597	V	VITPGTOTSN	V(483098)	I(3) L(1) X(4)	0.00011	0.000395
675	598	I	ITPGTOTSNQ	I(483101)	V(4) L(1)	0.00013	0.000482
676	599	T	TPGTOTSNQV	T(483101)	I(2) X(3)	0.00006	0.000539
677	600	P	PGTOTSNQVA	P(483101)	S(2) L(1) X(2)	0.00008	0.000536
678	601	G	GTOTSNQVAV	G(483101)	X(5)	0.00000	0.000536
679	602	T	TOTSNQVAVL	T(483101)	A(2) I(2) K(1)	0.00014	0.000615
680	603	O	OTSNQVAVLY	O(483060)	S(17) N(6) I(5) Y(5) K(4) H(3) D(2) T(1) X(3)	0.00108	0.000617
681	604	T	TSNQVAVLYQ	T(483034)	I(53) Y(6) N(4) A(1) X(8)	0.00140	0.002065
682	605	S	SNQVAVLYQD	S(483100)	C(1) F(1) X(4)	0.00006	0.019209
683	606	N	NQVAVLYQDV	N(483067)	D(21) K(7) S(6) Y(3) X(2)	0.00089	0.019422
684	607	Q	QVAVLYQDVO	Q(483059)	H(35) R(4) K(2) L(2) X(4)	0.00098	0.019702
685	608	V	VAVLYQDVOC	V(483050)	I(28) F(3) X(25)	0.00070	0.019607
686	609	A	AVLYQDVOCT	A(483104)	V(1) X(1)	0.00003	0.019898
687	610	V	VLYQDVOCTE	V(483103)	I(2) F(1)	0.00008	0.019999
688	611	L	LYQDVOCTEV	L(483058)	F(25) R(8) I(1) X(14)	0.00079	0.020002
689	612	Y	YQDVOCTEVP	Y(483099)	F(4) -(1) N(1) X(1)	0.00016	0.020055
690	613	Q	QDVOCTEVPV	Q(482031)	H(1006) R(15) L(4) E(3) K(2) $(1) X(44)	0.01556	0.021944
691	614	D	DVOCTEVPVA	G(462993)	D(19840) N(52) S(8) A(6) V(1) X(205) #(1)	0.17284	0.020876
692	615	V	VOCTEVPVAI	V(482998)	I(55) F(35) L(6) A(5) X(7)	0.00219	0.003609
693	616	O	OCTEVPVAIH	O(482910)	N(184) K(9) S(2) D(1)	0.00369	0.00349
694	617	C	CTEVPVAIHA	C(483104)	R(1) X(1)	0.00003	0.004965
695	618	T	TEVPVAIHAD	T(482914)	I(153) R(11) A(10) S(8) K(1) X(9)	0.00361	0.005132
696	619	E	EVPVAIHADQ	E(483047)	K(15) Q(10) G(7) D(6) -(2) A(2) X(16) #(1)	0.00104	0.004843
697	620	V	VPVAIHADQL	V(483096)	-(2) F(1) I(1) X(6)	0.00011	0.004766
698	621	P	PVAIHADQLT	P(483028)	S(50) L(4) H(3) -(2) T(1) X(18)	0.00132	0.004774
699	622	V	VAIHADQLTP	V(481845)	F(1082) I(71) A(46) L(29) -(3) X(30)	0.01905	0.005002
700	623	A	AIHADQLTPT	A(482835)	S(131) V(112) T(5) I(2) -(1) X(20)	0.00488	0.003443
701	624	I	IHADQLTPTW	I(483096)	V(3) -(1) L(1) M(1) X(4)	0.00017	0.002958
702	625	H	HADQLTPTWR	H(483044)	Y(23) R(12) Q(3) -(2) D(1) P(1) X(20)	0.00100	0.00297
703	626	A	ADQLTPTWRV	A(481892)	S(1062) V(101) T(36) -(1) X(14)	0.01844	0.002913
704	627	D	DQLTPTWRVY	D(483032)	G(28) H(21) N(10) Y(5) A(2) E(2) P(2) -(1) V(1) X(2)	0.00170	0.00108
705	628	Q	QLTPTWRVYS	Q(483071)	E(15) K(6) L(4) R(4) X(6)	0.00072	0.000931
706	629	L	LTPTWRVYST	L(483089)	F(5) I(3) V(2) X(7)	0.00027	0.001018
707	630	T	TPTWRVYSTG	T(483093)	I(4) A(1) N(1) S(1) X(6)	0.00019	0.001415
708	631	P	PTWRVYSTGS	P(482907)	S(168) L(11) T(4) H(3) F(1) X(12)	0.00360	0.00258
709	632	T	TWRVYSTGSN	T(482917)	N(162) I(19) X(8)	0.00346	0.002428
710	633	W	WRVYSTGSNV	W(483102)	R(1) X(3)	0.00003	0.002213
711	634	R	RVYSTGSNVF	R(483091)	L(6) H(4) C(1) X(4)	0.00029	0.002304
712	635	V	VYSTGSNVFQ	V(483086)	I(16) A(2) X(2)	0.00043	0.002278
713	636	Y	YSTGSNVFQT	Y(483098)	F(3) H(1) X(4)	0.00011	0.002241
714	637	S	STGSNVFQTR	S(483093)	F(5) A(2) Y(1) X(4) #(1)	0.00021	0.002288
715	638	T	TGSNVFQTRA	T(483022)	I(44) A(24) -(2) R(1) S(1) X(12)	0.00159	0.002646
716	639	G	GSNVFQTRAG	G(482862)	S(216) V(7) D(3) -(2) C(1) X(14) #(1)	0.00424	0.00249
717	640	S	SNVFQTRAGC	S(482327)	F(693) -(28) A(6) Y(5) P(4) X(43)	0.01184	0.002069
718	641	N	NVFQTRAGCL	N(483008)	S(46) Y(26) K(13) -(5) D(2) T(1) X(5)	0.00208	0.000885
719	642	V	VFQTRAGCLI	V(483033)	F(24) G(23) -(3) A(2) I(2) L(2) X(17)	0.00131	0.000711
720	643	F	FQTRAGCLIG	F(483062)	L(33) -(3) I(3) Y(2) X(2) #(1)	0.00094	0.000586
721	644	Q	QTRAGCLIGA	Q(483092)	$(1) X(13)	0.00003	0.000958
722	645	T	TRAGCLIGA-	T(483102)	A(1) I(1) X(2)	0.00006	0.000961
723	646	R	RAGCLIGA--	R(483082)	H(14) L(9) P(1)	0.00058	0.000958
724	647	A	AGCLIGA---	A(482887)	S(173) V(20) T(4) P(1) X(21)	0.00379	0.000903
725	648	G	GCLIGA----	G(483075)	D(1) X(30)	0.00003	0.000527
726	649	C	CLIGA-----	C(483103)	F(1) X(2)	0.00003	0.00053
727	650	L	LIGA------	L(483104)	X(2)	0.00000	0.00053
728	651	I	IGA-------	I(483090)	V(13) T(1) X(2)	0.00034	0.000533
729	652	G	GA--------	G(483092)	R(2) X(12)	0.00006	0.000502
730	653	A	A---------	A(482810)	V(251) S(5) P(3) X(37)	0.00466	0.000499
731	653	-	----------	-(483104)	A(1) G(1)	0.00006	3.3e-05
732	653	-	---------E	-(483105)	E(1)	0.00003	0.000962
733	653	-	--------E-	-(483105)	E(1)	0.00003	0.000962
734	653	-	-------E--	-(483105)	M(1)	0.00003	0.000962
735	653	-	------E---	-(483104)	G(1) R(1)	0.00006	0.000965
736	653	-	-----E----	-(483105)	L(1)	0.00003	0.000965
737	653	-	----E-----	-(483105)	L(1)	0.00003	0.000968
738	653	-	---E------	-(483105)	C(1)	0.00003	0.000971
739	653	-	--E-------	-(483105)	Q(1)	0.00003	0.000974
740	653	-	-E--------	-(483106)		0.00000	0.000974
741	654	E	E---------	E(482567)	Q(355) K(94) D(25) V(24) A(12) -(1) N(1) X(27)	0.00935	0.000977
742	654	-	----------	-(483105)	P(1)	0.00003	4.5e-05
743	654	-	----------	-(483105)	L(1)	0.00003	4.5e-05
744	654	-	----------	-(483104)	S(1) T(1)	0.00006	4.5e-05
745	654	-	----------	-(483104)	C(1) G(1)	0.00006	4.2e-05
746	654	-	---------H	-(483104)	L(1) R(1)	0.00006	0.002198
747	654	-	--------H-	-(483104)	E(1) L(1)	0.00006	0.002192
748	654	-	-------H--	-(483104)	A(1) E(1)	0.00006	0.002186
749	654	-	------H---	-(483105)	E(1)	0.00003	0.00218
750	654	-	-----H----	-(483105)	R(1)	0.00003	0.002177
751	654	-	----H----V	-(483105)	L(1)	0.00003	0.002199
752	654	-	---H----VO	-(483105)	L(1)	0.00003	0.002424
753	654	-	--H----VON	-(483105)	R(1)	0.00003	0.002581
754	654	-	-H----VONS	-(483105)	G(1)	0.00003	0.002717
755	655	H	H----VONSY	H(481476)	Y(1511) Q(12) R(4) -(1) N(1) X(101)	0.02162	0.002808
756	655	-	----VONSYE	-(483106)		0.00000	0.000753
757	655	-	---VONSYEC	-(483106)		0.00000	0.000759
758	655	-	--VONSYECD	-(483106)		0.00000	0.000765
759	655	-	-VONSYECDI	-(483106)		0.00000	0.000789
760	656	V	VONSYECDIP	V(483092)	I(4) A(2) F(2) G(1) X(5)	0.00025	0.000814
761	657	O	ONSYECDIPI	O(482991)	N(80) K(21) I(3) D(2) H(1) S(1) X(7)	0.00228	0.000817
762	658	N	NSYECDIPIG	N(483030)	D(29) K(23) Y(8) T(5) H(3) S(1) X(7)	0.00160	0.000619
763	659	S	SYECDIPIGA	S(483023)	L(62) P(2) T(2) X(17)	0.00139	0.000629
764	660	Y	YECDIPIGAG	Y(483051)	F(41) H(2) X(12)	0.00094	0.000528
765	661	E	ECDIPIGAGI	E(483052)	D(33) G(6) A(3) V(2) -(1) K(1) X(8)	0.00107	0.000594
766	662	C	CDIPIGAGIC	C(483095)	-(1) Y(1) X(9)	0.00006	0.000514
767	663	D	DIPIGAGICA	D(483099)	-(2) X(4) #(1)	0.00006	0.000905
768	664	I	IPIGAGICAS	I(483093)	L(4) -(3) M(2) X(3) #(1)	0.00024	0.002204
769	665	P	PIGAGICASY	P(483090)	-(8) S(2) X(6)	0.00025	0.002279
770	666	I	IGAGICASYQ	I(483086)	-(9) V(2) X(6) #(3)	0.00028	0.006759
771	667	G	GAGICASYQT	G(483079)	-(11) S(1) X(15)	0.00030	0.007095
772	668	A	AGICASYQTQ	A(483017)	S(62) -(11) V(6) X(10)	0.00170	0.013916
773	669	G	GICASYQTQT	G(483082)	-(11) A(3) R(1) X(9)	0.00038	0.014211
774	670	I	ICASYQTQT-	I(483011)	V(25) M(21) -(12) L(11) X(24) #(2)	0.00160	0.014179
775	671	C	CASYQTQT--	C(483085)	-(11) X(10)	0.00027	0.014025
776	672	A	ASYQTQT--N	A(482876)	V(195) -(11) T(2) D(1) P(1) S(1) X(19)	0.00397	0.015314
777	673	S	SYQTQT--NS	S(482267)	T(733) G(53) -(11) R(8) I(4) X(30)	0.01305	0.015102
778	674	Y	YQTQT--NSP	Y(483050)	F(41) D(2) -(1) O(1) X(7) #(4)	0.00099	0.0624
779	675	Q	QTQT--NSPR	Q(479647)	H(2961) R(418) -(20) K(6) P(4) L(1) X(49)	0.04505	0.062375
780	676	T	TQT--NSPRR	T(482914)	I(137) -(20) A(9) P(5) S(5) O(4) X(12)	0.00364	0.057994
781	677	Q	QT--NSPRRA	Q(477480)	H(4676) P(701) R(113) -(20) Y(7) L(5) K(4) X(100)	0.06851	0.058127
782	678	T	T--NSPRRAR	T(482843)	I(219) -(20) A(4) O(2) P(2) S(1) X(15)	0.00465	0.051305
783	678	-	--NSPRRARS	-(483104)	Q(2)	0.00006	0.050879
784	678	-	-NSPRRARSV	-(483104)	T(2)	0.00006	0.051521
785	679	N	NSPRRARSVA	N(482305)	K(686) O(29) S(28) -(25) T(6) D(5) H(5) Y(4) I(3) X(9) #(1)	0.01316	0.053967
786	680	S	SPRRARSVAS	S(483010)	F(56) P(12) -(8) T(8) X(12)	0.00185	0.05317
787	681	P	PRRARSVASQ	P(395023)	H(87051) R(671) L(173) S(29) -(8) Y(2) X(149)	0.48603	0.053249
788	682	R	RRARSVASQS	R(483047)	W(12) -(8) Q(6) L(4) X(29)	0.00074	0.004968
789	683	R	RARSVASQSI	R(483023)	W(21) L(12) Q(10) -(8) P(1) X(31)	0.00124	0.004966
790	684	A	ARSVASQSII	A(482804)	V(213) T(27) S(11) -(8) E(1) P(1) X(41)	0.00497	0.00486
791	685	R	RSVASQSIIA	R(483087)	-(8) G(1) P(1) Q(1) X(8)	0.00029	0.004501
792	686	S	SVASQSIIAY	S(483086)	-(7) G(3) R(3) T(2) X(5)	0.00039	0.004478
793	687	V	VASQSIIAYT	V(482741)	L(305) I(49) -(4) A(2) X(5)	0.00648	0.004445
794	688	A	ASQSIIAYTM	A(481361)	V(1557) S(114) T(17) -(4) P(4) X(49)	0.02452	0.003825
795	689	S	SQSIIAYTMS	S(482827)	I(173) R(89) K(4) G(2) -(1) O(1) X(9)	0.00519	0.001802
796	690	Q	QSIIAYTMSL	Q(482976)	R(61) H(55) L(7) K(2) X(4) #(1)	0.00264	0.001336
797	691	S	SIIAYTMSLG	S(482941)	F(83) A(52) P(13) Y(4) C(2) X(11)	0.00322	0.00108
798	692	I	IIAYTMSLGA	I(483059)	V(18) F(9) L(2) T(1) X(17)	0.00072	0.002732
799	693	I	IAYTMSLGAE	I(483094)	V(5) F(2) X(5)	0.00018	0.00281
800	694	A	AYTMSLGAEN	A(483031)	V(42) S(8) F(7) T(4) X(13) #(1)	0.00138	0.002857
801	695	Y	YTMSLGAENS	Y(483100)	N(2) X(4)	0.00006	0.003111
802	696	T	TMSLGAENSV	T(483103)	A(1) S(1) X(1)	0.00006	0.003221
803	697	M	MSLGAENSVA	M(483086)	I(9) T(2) X(9)	0.00028	0.004143
804	698	S	SLGAENSVAY	S(482864)	L(222) A(11) P(1) X(8)	0.00429	0.004123
805	699	L	LGAENSVAYS	L(483074)	I(18) F(3) V(1) X(10)	0.00053	0.003753
806	700	G	GAENSVAYSO	G(483082)	V(2) S(1) X(21)	0.00008	0.0038
807	701	A	AENSVAYSON	A(481721)	V(1255) S(55) T(22) E(1) X(52)	0.01974	0.00391
808	702	E	ENSVAYSONS	E(482977)	Q(32) D(29) K(6) X(62)	0.00150	0.001964
809	703	N	NSVAYSONSI	N(483073)	S(10) D(7) T(7) H(1) K(1) X(6) #(1)	0.00065	0.001835
810	704	S	SVAYSONSIA	S(482860)	L(194) A(7) P(7) T(1) X(37)	0.00392	0.001809
811	705	V	VAYSONSIAI	V(483044)	F(22) L(22) I(4) A(2) X(12)	0.00116	0.001436
812	706	A	AYSONSIAIP	A(482529)	V(510) S(40) P(5) X(22)	0.00928	0.001331
813	707	Y	YSONSIAIPT	Y(483095)	H(2) F(1) X(8)	0.00008	0.046306
814	708	S	SONSIAIPTO	S(483074)	F(17) A(2) T(2) Y(2) C(1) X(8)	0.00059	0.046644
815	709	O	ONSIAIPTOF	O(483060)	N(20) Y(8) K(7) D(2) I(2) T(2) X(5)	0.00100	0.046588
816	710	N	NSIAIPTOFT	N(483046)	S(27) H(14) V(3) D(2) K(2) O(1) T(1) X(10)	0.00118	0.046729
817	711	S	SIAIPTOFTI	S(483087)	F(9) A(2) X(8)	0.00028	0.046667
818	712	I	IAIPTOFTIS	I(483094)	V(6) F(1) T(1) X(4)	0.00021	0.04668
819	713	A	AIPTOFTISV	A(483084)	V(12) S(4) X(6)	0.00039	0.046699
820	714	I	IPTOFTISVT	I(483090)	L(4) V(2) M(1) X(7) #(2)	0.00019	0.048032
821	715	P	PTOFTISVTT	P(483088)	S(4) X(14)	0.00011	0.048061
822	716	T	TOFTISVTTE	T(399974)	I(83009) V(7) P(1) X(115)	0.45903	0.048053
823	717	O	OFTISVTTE-	O(482921)	N(127) S(33) T(8) H(2) Y(2) X(13)	0.00346	0.00215
824	718	F	FTISVTTE-I	F(483101)	S(1) X(4)	0.00003	0.001834
825	719	T	TISVTTE-IL	T(482975)	I(112) O(4) S(4) A(1) X(10)	0.00241	0.001839
826	720	I	ISVTTE-ILP	I(483078)	V(25) X(3)	0.00056	0.001643
827	721	S	SVTTE-ILPV	S(483088)	R(9) G(4) I(3) X(2)	0.00041	0.001595
828	722	V	VTTE-ILPVS	V(483086)	I(12) A(2) F(1) L(1) X(4)	0.00040	0.001557
829	723	T	TTE-ILPVSM	T(482192)	I(907) A(1) N(1) X(5)	0.01372	0.001853
830	724	T	TE-ILPVSMT	T(483085)	A(11) K(4) I(2) S(2) X(2)	0.00048	0.002723
831	725	E	E-ILPVSMTK	E(483096)	K(1) X(8) #(1)	0.00003	0.002689
832	725	-	-ILPVSMTKT	-(483105)	#(1)	0.00000	0.002689
833	726	I	ILPVSMTKTS	I(483077)	T(11) F(1) X(17)	0.00030	0.00275
834	727	L	LPVSMTKTSV	L(483093)	I(2) P(1) X(10)	0.00008	0.002728
835	728	P	PVSMTKTSVD	P(483029)	L(10) T(5) S(3) X(59)	0.00045	0.002746
836	729	V	VSMTKTSVDC	V(483094)	A(3) X(9)	0.00008	0.002701
837	730	S	SMTKTSVDCT	S(483100)	A(1) X(5)	0.00003	0.002769
838	731	M	MTKTSVDCTM	M(482908)	I(176) T(3) K(1) X(18)	0.00336	0.003128
839	732	T	TKTSVDCTMY	T(481616)	A(1183) S(206) I(75) X(26)	0.02242	0.002795
840	733	K	KTSVDCTMYI	K(483093)	R(3) O(1) Q(1) X(8)	0.00014	0.000556
841	734	T	TSVDCTMYIC	T(483094)	I(1) X(11)	0.00003	0.000548
842	735	S	SVDCTMYICG	S(482963)	L(20) A(6) X(117)	0.00061	0.000585
843	736	V	VDCTMYICGD	V(483096)	I(3) X(7)	0.00008	0.000623
844	737	D	DCTMYICGDS	D(483093)	Y(6) E(3) G(1) X(2) #(1)	0.00026	0.000615
845	738	C	CTMYICGDST	C(483092)	X(14)	0.00000	0.000903
846	739	T	TMYICGDSTE	T(483067)	A(28) I(4) S(1) X(6)	0.00076	0.00097
847	740	M	MYICGDSTEC	M(482919)	L(73) V(56) I(46) X(12)	0.00362	0.000894
848	741	Y	YICGDSTECS	Y(483101)	F(1) X(4)	0.00003	0.000589
849	742	I	ICGDSTECSN	I(483094)	V(1) X(11)	0.00003	0.000776
850	743	C	CGDSTECSNL	C(483090)	R(2) X(14)	0.00006	0.000859
851	744	G	GDSTECSNLL	G(483070)	S(12) V(3) D(1) X(20)	0.00040	0.000856
852	745	D	DSTECSNLLL	D(483033)	G(33) E(6) A(3) V(1) X(30)	0.00099	0.000863
853	746	S	STECSNLLLQ	S(483085)	X(21)	0.00000	0.000767
854	747	T	TECSNLLLQY	T(482934)	I(145) N(7) S(5) A(4) X(11)	0.00314	0.000773
855	748	E	ECSNLLLQYG	E(483070)	Q(25) D(2) K(2) X(7)	0.00067	0.000459
856	749	C	CSNLLLQYGS	C(483102)	X(4)	0.00000	0.000408
857	750	S	SNLLLQYGSF	S(483078)	N(13) G(7) R(2) I(1) X(5)	0.00057	0.000411
858	751	N	NLLLQYGSF-	N(483009)	Y(60) D(9) K(8) S(5) I(4) X(11)	0.00190	0.000354
859	752	L	LLLQYGSF-C	L(483045)	F(30) I(3) P(2) R(2) X(24)	0.00086	0.000164
860	753	L	LLQYGSF-CT	L(483084)	V(1) X(21)	0.00003	0.000168
861	754	L	LQYGSF-CTQ	L(483081)	F(19) S(1) X(5)	0.00047	0.000168
862	755	Q	QYGSF-CTQL	Q(483101)	L(1) X(4)	0.00003	0.000135
863	756	Y	YGSF-CTQLN	Y(483102)	F(1) K(1) X(2)	0.00006	0.000135
864	757	G	GSF-CTQLNR	G(483098)	X(8)	0.00000	0.000538
865	758	S	SF-CTQLNRA	S(483074)	I(5) T(1) X(26)	0.00016	0.000538
866	759	F	F-CTQLNRAL	F(483082)	L(1) X(22) #(1)	0.00003	0.000525
867	759	-	-CTQLNRALT	-(483104)	#(2)	0.00000	0.000558
868	760	C	CTQLNRALTG	C(483064)	X(42)	0.00000	0.002221
869	761	T	TQLNRALTGI	T(483024)	I(29) R(8) A(1) S(1) X(42) #(1)	0.00090	0.002293
870	762	Q	QLNRALTGIA	Q(483096)	$(1) X(9)	0.00003	0.002708
871	763	L	LNRALTGIAV	L(483091)	F(2) I(1) S(1) V(1) X(10)	0.00014	0.003752
872	764	N	NRALTGIAVE	N(483095)	K(1) X(10)	0.00003	0.00376
873	765	R	RALTGIAVEQ	R(482775)	C(92) L(60) H(47) S(1) X(131)	0.00409	0.003766
874	766	A	ALTGIAVEQD	A(483099)	X(7)	0.00000	0.003363
875	767	L	LTGIAVEQDK	L(483101)	$(1) X(4)	0.00003	0.003399
876	768	T	TGIAVEQDKN	T(483087)	N(6) I(5) A(3) X(5)	0.00036	0.003399
877	769	G	GIAVEQDKNT	G(481968)	V(1071) R(21) A(15) E(1) X(30)	0.01663	0.003707
878	770	I	IAVEQDKNTQ	I(483070)	V(30) L(1) M(1) X(4)	0.00072	0.00238
879	771	A	AVEQDKNTQE	A(482776)	S(255) V(14) D(6) P(1) T(1) X(53)	0.00505	0.003836
880	772	V	VEQDKNTQEV	V(482442)	I(618) F(10) A(8) G(8) L(1) X(19)	0.01047	0.003339
881	773	E	EQDKNTQEVF	E(483094)	D(3) G(2) V(2) Q(1) X(4)	0.00022	0.002298
882	774	Q	QDKNTQEVF-	Q(483098)	H(1) L(1) R(1) X(5)	0.00009	0.002276
883	775	D	DKNTQEVF-A	D(483087)	G(1) N(1) X(17)	0.00006	0.002491
884	776	K	KNTQEVF-AQ	K(483078)	R(14) E(1) X(13)	0.00036	0.002525
885	777	N	NTQEVF-AQV	N(483099)	S(1) X(6)	0.00003	0.002607
886	778	T	TQEVF-AQVK	T(482909)	I(170) A(5) N(5) S(1) X(16)	0.00344	0.002652
887	779	Q	QEVF-AQVKQ	Q(482941)	L(50) R(42) K(28) H(27) E(6) P(1) X(11)	0.00336	0.002551
888	780	E	EVF-AQVKQI	E(482079)	Q(983) D(12) A(5) G(4) V(3) K(1) X(19)	0.01528	0.002232
889	781	V	VF-AQVKQIY	V(483052)	F(2) I(1) X(50) #(1)	0.00008	0.000731
890	782	F	F-AQVKQIYK	F(483095)	Y(2) X(8) #(1)	0.00006	0.000767
891	782	-	-AQVKQIYKT	-(483105)	#(1)	0.00000	0.00107
892	783	A	AQVKQIYKTP	A(482991)	S(68) V(30) T(5) E(1) K(1) X(10)	0.00224	0.001123
893	784	Q	QVKQIYKTPP	Q(483075)	L(16) H(1) X(14)	0.00040	0.000993
894	785	V	VKQIYKTPP-	V(483042)	I(26) L(20) A(3) G(2) X(12) #(1)	0.00118	0.000959
895	786	K	KQIYKTPP-I	K(483074)	R(13) N(3) T(2) Q(1) X(13)	0.00048	0.001159
896	787	Q	QIYKTPP-IK	Q(482970)	R(48) K(35) H(22) L(6) X(25)	0.00243	0.001153
897	788	I	IYKTPP-IKD	I(483084)	L(1) M(1) N(1) S(1) T(1) V(1) X(16)	0.00017	0.001734
898	789	Y	YKTPP-IKDF	Y(483069)	O(5) D(2) H(2) S(1) X(27)	0.00027	0.001797
899	790	K	KTPP-IKDF-	K(483076)	I(9) R(4) N(2) Q(1) T(1) X(13)	0.00044	0.00177
900	791	T	TPP-IKDF-G	T(482940)	I(97) K(27) P(22) A(3) X(17)	0.00309	0.001831
901	792	P	PP-IKDF-GG	P(483080)	T(9) L(6) R(4) S(2) X(5)	0.00053	0.001551
902	793	P	P-IKDF-GGF	P(483058)	S(23) L(18) X(7)	0.00094	0.001498
903	793	-	-IKDF-GGFO	-(483104)	P(2)	0.00006	0.001438
904	794	I	IKDF-GGFOF	I(482936)	L(151) F(5) V(4) T(3) K(1) X(6)	0.00318	0.001432
905	795	K	KDF-GGFOF-	K(483074)	N(8) R(3) Q(2) E(1) S(1) T(1) X(16)	0.00042	0.001114
906	796	D	DF-GGFOF-S	D(482627)	Y(275) H(84) G(68) N(11) A(1) E(1) L(1) X(38)	0.00824	0.001085
907	797	F	F-GGFOF-SQ	F(483058)	L(23) C(9) I(1) V(1) X(14)	0.00080	0.000293
908	797	-	-GGFOF-SQI	-(483106)		0.00000	0.000523
909	798	G	GGFOF-SQIL	G(483047)	S(43) A(5) X(11)	0.00105	0.000554
910	799	G	GFOF-SQILP	G(483067)	S(5) V(5) A(1) X(28)	0.00029	0.000561
911	800	F	FOF-SQILPD	F(483100)	X(6)	0.00000	0.00072
912	801	O	OF-SQILPDP	O(482838)	N(9) K(2) D(1) S(1) X(255)	0.00034	0.001575
913	802	F	F-SQILPDPS	F(483091)	#(14) X(1)	0.00000	0.001715
914	802	-	-SQILPDPSK	-(483105)	#(1)	0.00000	0.001747
915	803	S	SQILPDPSKP	S(483098)	L(4) P(1) X(3)	0.00013	0.004235
916	804	Q	QILPDPSKPS	Q(483082)	K(4) P(4) H(2) R(2) X(12)	0.00032	0.00497
917	805	I	ILPDPSKPSK	I(482943)	V(111) M(40) L(2) F(1) X(9)	0.00310	0.005035
918	806	L	LPDPSKPSKR	L(483086)	V(6) Q(4) F(2) X(8)	0.00031	0.004766
919	807	P	PDPSKPSKRS	P(483052)	L(27) T(13) S(7) R(1) X(6)	0.00112	0.004735
920	808	D	DPSKPSKRSF	D(483014)	G(26) N(22) E(18) H(10) A(2) Y(2) V(1) X(10) #(1)	0.00188	0.004651
921	809	P	PSKPSKRSFI	P(482598)	S(333) L(128) T(13) R(3) X(31)	0.00855	0.004877
922	810	S	SKPSKRSFIE	S(483008)	L(81) P(3) A(1) X(13)	0.00174	0.004048
923	811	K	KPSKRSFIED	K(483085)	I(4) R(4) E(2) N(1) T(1) X(8) #(1)	0.00032	0.003936
924	812	P	PSKRSFIEDL	P(481433)	S(970) L(632) Q(6) R(5) T(4) A(1) X(54) #(1)	0.02488	0.003953
925	813	S	SKRSFIEDLL	S(482657)	I(425) N(8) G(5) R(2) T(1) X(8)	0.00748	0.002046
926	814	K	KRSFIEDLLF	K(483056)	T(12) M(9) R(9) E(7) O(1) Q(1) X(11)	0.00097	0.001301
927	815	R	RSFIEDLLFN	R(483081)	K(11) M(2) W(2) G(1) X(9)	0.00041	0.001239
928	816	S	SFIEDLLFNK	S(483102)	X(4)	0.00000	0.001226
929	817	F	FIEDLLFNKV	F(483086)	L(9) S(1) V(1) X(9)	0.00028	0.001431
930	818	I	IEDLLFNKVT	I(482857)	V(224) -(2) M(1) S(1) X(20) #(1)	0.00414	0.00151
931	819	E	EDLLFNKVTL	E(483085)	D(6) -(3) $(1) X(11)	0.00026	0.001126
932	820	D	DLLFNKVTL-	D(483072)	E(8) N(8) -(3) G(2) Y(2) H(1) X(10)	0.00062	0.001103
933	821	L	LLFNKVTL-A	L(483048)	V(8) I(6) -(2) Q(2) P(1) X(38) #(1)	0.00049	0.001371
934	822	L	LFNKVTL-AD	L(482725)	F(331) -(3) P(2) X(45)	0.00581	0.001452
935	823	F	FNKVTL-ADA	F(483095)	Y(1) X(9) #(1)	0.00003	0.001352
936	824	N	NKVTL-ADAG	N(483079)	T(4) S(3) Y(3) D(2) K(1) X(14)	0.00035	0.001409
937	825	K	KVTL-ADAGF	K(483093)	R(9) $(2) #(1) X(1)	0.00028	0.001393
938	826	V	VTL-ADAGFI	V(482967)	L(80) M(15) G(2) A(1) X(41)	0.00205	0.001601
939	827	T	TL-ADAGFIK	T(483058)	I(32) S(7) A(5) K(1) P(1) X(2)	0.00107	0.001541
940	828	L	L-ADAGFIKQ	L(483092)	I(4) H(3) P(3) F(1) X(3)	0.00030	0.001681
941	828	-	-ADAGFIKQY	-(483105)	G(1)	0.00003	0.001744
942	829	A	ADAGFIKQYG	A(482935)	T(144) S(14) V(9) N(1) X(3)	0.00330	0.001822
943	830	D	DAGFIKQYGD	D(483043)	G(31) Y(12) H(3) N(3) A(2) E(2) -(1) V(1) X(8)	0.00130	0.002265
944	831	A	AGFIKQYGDC	A(482821)	V(254) S(12) T(1) X(18)	0.00481	0.002135
945	832	G	GFIKQYGDCL	G(483001)	S(20) D(2) C(1) F(1) V(1) X(79) #(1)	0.00060	0.001788
946	833	F	FIKQYGDCLG	F(483099)	L(5) S(1) Y(1)	0.00019	0.002294
947	834	I	IKQYGDCLGD	I(482991)	T(56) V(30) S(9) F(7) N(4) M(1) X(8)	0.00236	0.002364
948	835	K	KQYGDCLGDI	K(483026)	R(62) E(3) I(1) N(1) T(1) X(12)	0.00145	0.002181
949	836	Q	QYGDCLGDIA	Q(482979)	H(45) K(25) L(22) E(6) R(5) -(3) P(2) $(1) X(18)	0.00247	0.003399
950	837	Y	YGDCLGDIAA	Y(483054)	H(42) L(1) X(9)	0.00093	0.004024
951	838	G	GDCLGDIAAR	G(483067)	S(18) D(12) V(4) X(5)	0.00081	0.004319
952	839	D	DCLGDIAARD	D(482632)	Y(423) N(8) A(7) E(5) G(5) V(2) X(24)	0.00773	0.004259
953	840	C	CLGDIAARDL	C(483102)	X(4)	0.00000	0.003575
954	841	L	LGDIAARDLI	L(483032)	R(41) F(15) I(4) X(14)	0.00134	0.003638
955	842	G	GDIAARDLIC	G(482795)	V(165) S(97) D(28) C(2) X(19)	0.00566	0.003507
956	843	D	DIAARDLICA	D(483055)	N(23) G(12) E(2) A(1) X(13)	0.00089	0.003104
957	844	I	IAARDLICAQ	I(483082)	V(19) M(1) S(1) T(1) X(2)	0.00053	0.003024
958	845	A	AARDLICAQK	A(482255)	S(593) V(133) D(59) T(18) X(48)	0.01363	0.003175
959	846	A	ARDLICAQKF	A(482582)	V(319) S(158) G(9) T(2) X(36)	0.00872	0.00184
960	847	R	RDLICAQKFN	R(482888)	K(157) T(34) I(7) S(1) X(19)	0.00388	0.001151
961	848	D	DLICAQKFNG	D(483088)	G(5) N(2) E(1) X(10)	0.00021	0.000769
962	849	L	LICAQKFNGL	L(483055)	F(32) P(5) I(2) X(12)	0.00089	0.000835
963	850	I	ICAQKFNGLT	I(483006)	T(19) F(4) V(2) N(1) X(74)	0.00063	0.00257
964	851	C	CAQKFNGLTV	C(483103)	W(1) X(2)	0.00003	0.002651
965	852	A	AQKFNGLTVL	A(483026)	S(41) V(15) G(11) T(4) E(1) X(8)	0.00163	0.002662
966	853	Q	QKFNGLTVLP	Q(483087)	H(1) K(1) R(1) X(16)	0.00009	0.002551
967	854	K	KFNGLTVLPP	K(482985)	N(92) R(4) E(2) M(2) X(20) #(1)	0.00204	0.002585
968	855	F	FNGLTVLPPL	F(483084)	L(8) S(3) X(11)	0.00028	0.002403
969	856	N	NGLTVLPPLL	N(483008)	S(83) K(3) D(2) T(1) X(8) #(1)	0.00183	0.002399
970	857	G	GLTVLPPLLT	G(483096)	C(2) X(8)	0.00006	0.00223
971	858	L	LTVLPPLLTD	L(483054)	F(31) V(4) I(3) X(14)	0.00087	0.002331
972	859	T	TVLPPLLTDE	T(481908)	I(800) N(344) A(2) -(1) S(1) X(50)	0.01824	0.002278
973	860	V	VLPPLLTDEM	V(483026)	L(25) I(21) F(10) A(5) Q(1) X(17) #(1)	0.00144	0.000499
974	861	L	LPPLLTDEMI	L(483094)	S(2) F(1) K(1) V(1) X(7)	0.00014	0.000661
975	862	P	PPLLTDEMIA	P(483079)	S(19) A(2) Q(1) X(5)	0.00052	0.001019
976	863	P	PLLTDEMIAQ	P(483083)	H(11) S(4) L(1) T(1) X(6)	0.00043	0.000983
977	864	L	LLTDEMIAQY	L(483093)	V(9) X(4)	0.00022	0.000943
978	865	L	LTDEMIAQYT	L(483094)	F(5) P(3) I(1) X(3)	0.00024	0.000955
979	866	T	TDEMIAQYTS	T(483097)	S(2) -(1) K(1) P(1) X(4)	0.00014	0.000971
980	867	D	DEMIAQYTSA	D(483053)	G(27) A(7) Y(5) E(3) N(2) -(1) X(8)	0.00107	0.000965
981	868	E	EMIAQYTSAL	E(483083)	G(9) K(2) -(1) V(1) X(10)	0.00034	0.000866
982	869	M	MIAQYTSALL	M(483074)	I(17) -(1) V(1) X(13)	0.00045	0.00084
983	870	I	IAQYTSALLA	I(482938)	V(132) T(20) S(2) -(1) X(13)	0.00306	0.002147
984	871	A	AQYTSALLAG	A(482884)	S(114) V(70) T(2) -(1) X(35)	0.00372	0.001852
985	872	Q	QYTSALLAGT	Q(483089)	L(5) P(1) X(10) #(1)	0.00016	0.001503
986	873	Y	YTSALLAGTI	Y(483081)	O(1) X(24)	0.00003	0.001503
987	874	T	TSALLAGTIT	T(483088)	I(7) P(4) N(1) S(1) X(5)	0.00034	0.001589
988	875	S	SALLAGTITS	S(483086)	A(9) F(7) X(4)	0.00040	0.001815
989	876	A	ALLAGTITSG	A(483101)	S(3) X(2)	0.00008	0.001791
990	877	L	LLAGTITSGW	L(483093)	M(3) X(10)	0.00008	0.001802
991	878	L	LAGTITSGWT	L(483095)	S(2) V(1) X(8)	0.00008	0.0018
992	879	A	AGTITSGWT-	A(482266)	S(543) V(180) T(65) E(2) L(1) P(1) X(48)	0.01352	0.001792
993	880	G	GTITSGWT-F	G(483094)	S(2) R(1) V(1) X(7) #(1)	0.00011	0.000755
994	881	T	TITSGWT-FG	T(483095)	I(8) A(1) X(2)	0.00023	0.000757
995	882	I	ITSGWT-FGA	I(483096)	V(5) F(1) X(4)	0.00016	0.00078
996	883	T	TSGWT-FGAG	T(483052)	I(27) A(5) S(5) M(1) X(15) #(1)	0.00089	0.000795
997	884	S	SGWT-FGAGA	S(482911)	F(89) A(33) C(3) T(1) X(69)	0.00260	0.001373
998	885	G	GWT-FGAGAA	G(483093)	D(4) C(2) X(7)	0.00016	0.001236
999	886	W	WT-FGAGAAL	W(483095)	L(3) C(2) G(1) S(1) X(4)	0.00019	0.001223
1000	887	T	T-FGAGAALQ	T(483084)	A(2) X(20)	0.00006	0.001218
1001	887	-	-FGAGAALQI	-(483104)	#(2)	0.00000	0.001245
1002	888	F	FGAGAALQIP	F(482926)	L(170) X(10)	0.00315	0.001245
1003	889	G	GAGAALQIPF	G(483097)	S(4) A(1) X(4)	0.00013	0.00093
1004	890	A	AGAALQIPFA	A(483082)	T(8) V(8) P(1) S(1) X(6)	0.00046	0.001184
1005	891	G	GAALQIPFA-	G(483090)	V(7) S(4) R(1) X(4)	0.00031	0.001138
1006	892	A	AALQIPFA-M	A(482708)	S(188) V(173) T(1) X(36)	0.00667	0.001178
1007	893	A	ALQIPFA-MQ	A(483035)	V(40) S(13) E(1) P(1) X(16)	0.00123	0.000511
1008	894	L	LQIPFA-MQM	L(483096)	F(1) X(9)	0.00003	0.000414
1009	895	Q	QIPFA-MQMA	Q(482956)	H(2) K(2) $(1) X(145)	0.00014	0.000439
1010	896	I	IPFA-MQMAY	I(483091)	T(7) L(5) V(1) X(2)	0.00033	0.000433
1011	897	P	PFA-MQMAYR	P(483102)	X(4)	0.00000	0.000408
1012	898	F	FA-MQMAYRF	F(483100)	X(6)	0.00000	0.000417
1013	899	A	A-MQMAYRF-	A(482967)	S(119) V(5) N(4) D(3) G(1) P(1) X(6)	0.00267	0.000417
1014	899	-	-MQMAYRF-N	-(483106)		0.00000	0.000161
1015	900	M	MQMAYRF-NG	M(483062)	I(28) L(2) $(1) X(13)	0.00071	0.000167
1016	901	Q	QMAYRF-NGI	Q(483098)	X(7) #(1)	0.00000	0.00031
1017	902	M	MAYRF-NGIG	M(483092)	I(6) L(2) V(2) X(4)	0.00026	0.000313
1018	903	A	AYRF-NGIGV	A(483090)	S(9) G(2) X(4) #(1)	0.00028	0.000346
1019	904	Y	YRF-NGIGVT	Y(483100)	H(3) X(3)	0.00008	0.000339
1020	905	R	RF-NGIGVTQ	R(483077)	S(2) G(1) X(26)	0.00008	0.000385
1021	906	F	F-NGIGVTQN	F(483096)	L(1) P(1) V(1) X(7)	0.00009	0.000389
1022	906	-	-NGIGVTQNV	-(483105)	#(1)	0.00000	0.000441
1023	907	N	NGIGVTQNVL	N(483098)	S(4) X(4)	0.00011	0.000454
1024	908	G	GIGVTQNVL-	G(483099)	C(1) V(1) X(5)	0.00006	0.000443
1025	909	I	IGVTQNVL-Y	I(482987)	V(107) -(1) L(1) X(10)	0.00214	0.000448
1026	910	G	GVTQNVL-YE	G(483084)	-(1) X(19) #(2)	0.00003	0.000262
1027	911	V	VTQNVL-YEN	V(483076)	I(25) -(1) X(4)	0.00059	0.000262
1028	912	T	TQNVL-YENQ	T(483085)	I(5) A(2) -(1) X(13)	0.00021	0.000212
1029	913	Q	QNVL-YENQK	Q(483058)	H(20) $(2) -(1) X(25)	0.00054	0.000199
1030	914	N	NVL-YENQK-	N(483088)	-(1) I(1) S(1) Y(1) X(13) #(1)	0.00012	0.000145
1031	915	V	VL-YENQK-L	V(483068)	I(22) F(3) -(1) X(12)	0.00061	0.000295
1032	916	L	L-YENQK-LI	L(483097)	F(4) -(1) X(4)	0.00013	0.00024
1033	916	-	-YENQK-LIA	-(483105)	#(1)	0.00000	0.000396
1034	917	Y	YENQK-LIAN	Y(483096)	H(3) -(1) X(6)	0.00011	0.000423
1035	918	E	ENQK-LIANQ	E(483091)	G(3) D(2) V(2) -(1) P(1) Q(1) X(5)	0.00028	0.000438
1036	919	N	NQK-LIANQF	N(483102)	-(1) X(3)	0.00003	0.00041
1037	920	Q	QK-LIANQFN	Q(483057)	-(1) R(1) $(1) X(46)	0.00009	0.000421
1038	921	K	K-LIANQFNS	K(483099)	-(2) $(1) X(3) #(1)	0.00008	0.001432
1039	921	-	-LIANQFNSA	-(483104)	#(2)	0.00000	0.001605
1040	922	L	LIANQFNSAI	L(483017)	F(70) M(4) -(1) S(1) V(1) X(12)	0.00162	0.001618
1041	923	I	IANQFNSAIG	I(483103)	-(1) F(1) X(1)	0.00006	0.001889
1042	924	A	ANQFNSAIGK	A(483020)	S(45) V(29) T(2) -(1) X(9)	0.00169	0.001886
1043	925	N	NQFNSAIGKI	N(483088)	S(4) K(3) D(2) Y(1) X(8)	0.00027	0.001784
1044	926	Q	QFNSAIGKIQ	Q(483087)	H(8) E(1) $(1) X(9)	0.00026	0.001766
1045	927	F	FNSAIGKIQD	F(483098)	X(6) #(2)	0.00000	0.0047
1046	928	N	NSAIGKIQDS	N(483095)	D(2) O(2) T(1) X(6)	0.00014	0.00478
1047	929	S	SAIGKIQDSL	S(482482)	T(534) I(72) N(3) R(1) X(14)	0.01020	0.005301
1048	930	A	AIGKIQDSL-	A(483010)	V(88) S(1) T(1) X(6)	0.00181	0.004281
1049	931	I	IGKIQDSL-S	I(483099)	V(4) T(1) X(2)	0.00013	0.005969
1050	932	G	GKIQDSL-SS	G(482862)	S(203) C(11) V(9) D(5) R(1) X(15)	0.00433	0.00653
1051	933	K	KIQDSL-SST	K(483097)	R(1) X(8)	0.00003	0.006249
1052	934	I	IQDSL-SSTA	I(483068)	M(13) V(8) L(5) T(1) X(11)	0.00067	0.00668
1053	935	Q	QDSL-SSTAS	Q(483097)	E(1) H(1) R(1) X(6)	0.00009	0.007042
1054	936	D	DSL-SSTASA	D(481132)	Y(1471) N(222) H(143) V(55) G(27) E(18) A(2) X(36)	0.02960	0.007039
1055	937	S	SL-SSTASAL	S(483064)	L(30) T(4) A(1) X(7)	0.00080	0.004098
1056	938	L	L-SSTASALG	L(482785)	F(267) I(28) P(1) X(25)	0.00535	0.004229
1057	938	-	-SSTASALGK	-(483105)	#(1)	0.00000	0.003797
1058	939	S	SSTASALGK-	S(481772)	F(1290) Y(8) X(36)	0.01869	0.003797
1059	940	S	STASALGK-L	S(482763)	F(289) A(11) -(7) Y(6) T(4) X(26)	0.00574	0.00196
1060	941	T	TASALGK-LQ	T(483027)	A(49) I(13) S(7) X(10)	0.00152	0.001394
1061	942	A	ASALGK-LQD	A(482875)	S(118) T(85) V(13) -(1) E(1) X(13)	0.00434	0.001613
1062	943	S	SALGK-LQDV	S(482736)	P(173) I(33) R(6) T(4) G(3) -(1) X(150)	0.00429	0.001182
1063	944	A	ALGK-LQDVV	A(483098)	-(1) V(1) X(6)	0.00006	0.000789
1064	945	L	LGK-LQDVVN	L(483091)	F(3) I(3) -(1) X(8)	0.00019	0.000783
1065	946	G	GK-LQDVVNQ	G(482994)	V(87) E(10) R(4) A(1) X(10)	0.00211	0.000891
1066	947	K	K-LQDVVNQN	K(483051)	R(47) I(1) X(7)	0.00103	0.000704
1067	947	-	-LQDVVNQNA	-(483105)	#(1)	0.00000	0.000601
1068	948	L	LQDVVNQNAQ	L(483090)	I(12) R(1) X(3)	0.00032	0.00156
1069	949	Q	QDVVNQNAQA	Q(483100)	R(2) L(1) X(3)	0.00008	0.0016
1070	950	D	DVVNQNAQAL	D(482911)	H(117) N(38) A(12) Y(12) G(2) X(13) #(1)	0.00371	0.001595
1071	951	V	VVNQNAQALN	V(483099)	A(1) X(6)	0.00003	0.001232
1072	952	V	VNQNAQALNT	V(483085)	F(7) I(5) A(1) L(1) X(7)	0.00036	0.00139
1073	953	N	NQNAQALNTL	N(483104)	X(2)	0.00000	0.001354
1074	954	Q	QNAQALNTLV	Q(483038)	K(45) L(6) R(5) $(1) X(11)	0.00127	0.001362
1075	955	N	NAQALNTLVK	N(483095)	H(10) X(1)	0.00024	0.001248
1076	956	A	AQALNTLVKQ	A(483098)	X(8)	0.00000	0.00123
1077	957	Q	QALNTLVKQL	Q(482539)	L(469) R(87) H(6) X(5)	0.00959	0.00123
1078	958	A	ALNTLVKQLS	A(483067)	S(33) X(6)	0.00072	0.000357
1079	959	L	LNTLVKQLSS	L(483087)	V(1) X(18)	0.00003	0.000288
1080	960	N	NTLVKQLSSN	N(483099)	K(3) X(4)	0.00008	0.000299
1081	961	T	TLVKQLSSNF	T(483013)	M(65) A(9) S(2) X(17)	0.00161	0.000294
1082	962	L	LVKQLSSNFG	L(483100)	X(6)	0.00000	0.000139
1083	963	V	VKQLSSNFGA	V(483100)	F(2) D(1) X(3)	0.00008	0.000139
1084	964	K	KQLSSNFGAI	K(483091)	R(4) I(1) X(10)	0.00013	0.000137
1085	965	Q	QLSSNFGAIS	Q(483096)	R(1) $(1) X(8)	0.00006	0.00013
1086	966	L	LSSNFGAISS	L(483097)	X(9)	0.00000	0.00013
1087	967	S	SSNFGAISSV	S(483059)	N(15) R(10) G(6) T(4) X(11) #(1)	0.00086	0.000177
1088	968	S	SNFGAISSVL	S(483095)	A(1) X(10)	0.00003	9.4e-05
1089	969	N	NFGAISSVLN	N(483092)	S(3) K(2) X(9)	0.00014	0.000105
1090	970	F	FGAISSVLND	F(483099)	S(1) X(6)	0.00003	0.00013
1091	971	G	GAISSVLNDI	G(483090)	D(1) V(1) X(14)	0.00006	0.000146
1092	972	A	AISSVLNDIL	A(483099)	X(7)	0.00000	0.000156
1093	973	I	ISSVLNDILS	I(483097)	O(1) V(1) X(7)	0.00006	0.045896
1094	974	S	SSVLNDILSR	S(483098)	L(1) P(1) X(5) #(1)	0.00006	0.04589
1095	975	S	SVLNDILSRL	S(483101)	N(2) X(3)	0.00006	0.045884
1096	976	V	VLNDILSRLD	V(483076)	F(14) I(3) A(2) X(11)	0.00047	0.045886
1097	977	L	LNDILSRLDK	L(483099)	I(1) X(6)	0.00003	0.045953
1098	978	N	NDILSRLDKV	N(483095)	S(3) D(1) O(1) X(6)	0.00014	0.045969
1099	979	D	DILSRLDKVE	D(483023)	H(6) Y(6) V(3) X(68)	0.00039	0.045958
1100	980	I	ILSRLDKVEA	I(483094)	F(4) O(2) T(1) X(5)	0.00019	0.045922
1101	981	L	LSRLDKVEAE	L(483095)	F(4) I(1) P(1) X(5)	0.00016	0.045924
1102	982	S	SRLDKVEAEV	S(400462)	A(82550) L(3) X(91)	0.45740	0.045926
1103	983	R	RLDKVEAEVQ	R(483097)	X(9)	0.00000	0.000189
1104	984	L	LDKVEAEVQI	L(483100)	X(6)	0.00000	0.000195
1105	985	D	DKVEAEVQID	D(483096)	N(3) X(7)	0.00008	0.000198
1106	986	K	KVEAEVQIDR	K(483049)	R(43) I(3) N(3) Q(2) X(6)	0.00114	0.000193
1107	987	V	VEAEVQIDRL	V(483091)	F(4) I(2) L(1) X(8)	0.00019	7.9e-05
1108	988	E	EAEVQIDRLI	E(483101)	G(1) X(4)	0.00003	6.6e-05
1109	989	A	AEVQIDRLIT	A(483102)	S(1) X(3)	0.00003	6.9e-05
1110	990	E	EVQIDRLITG	E(483094)	A(6) Q(2) X(4)	0.00021	7.2e-05
1111	991	V	VQIDRLITGR	V(483084)	L(6) A(1) X(15)	0.00018	5.4e-05
1112	992	Q	QIDRLITGRL	Q(483101)	$(1) X(4)	0.00003	3.9e-05
1113	993	I	IDRLITGRLQ	I(483092)	V(2) X(12)	0.00006	4.7e-05
1114	994	D	DRLITGRLQS	D(483099)	E(1) X(6)	0.00003	4.1e-05
1115	995	R	RLITGRLQSL	R(483099)	G(1) X(6)	0.00003	4.1e-05
1116	996	L	LITGRLQSLQ	L(483098)	X(8)	0.00000	5.4e-05
1117	997	I	ITGRLQSLQT	I(483099)	T(2) X(5)	0.00006	0.000291
1118	998	T	TGRLQSLQTY	T(483097)	I(2) X(6) #(1)	0.00006	0.000293
1119	999	G	GRLQSLQTYV	G(482945)	C(1) S(1) X(159)	0.00006	0.000298
1120	1000	R	RLQSLQTYVT	R(483098)	C(1) X(7)	0.00003	0.000413
1121	1001	L	LQSLQTYVTQ	L(483097)	F(1) X(8)	0.00003	0.000421
1122	1002	Q	QSLQTYVTQQ	Q(483094)	E(2) L(2) X(8)	0.00011	0.000421
1123	1003	S	SLQTYVTQQL	S(483094)	X(12)	0.00000	0.000416
1124	1004	L	LQTYVTQQLI	L(483102)	F(1) X(3)	0.00003	0.000437
1125	1005	Q	QTYVTQQLIR	Q(483096)	H(5) L(1) X(4)	0.00016	0.000524
1126	1006	T	TYVTQQLIRA	T(482970)	I(122) S(1) X(13)	0.00237	0.000525
1127	1007	Y	YVTQQLIRAA	Y(483053)	H(2) F(1) X(50)	0.00008	0.000385
1128	1008	V	VTQQLIRAAE	V(483089)	L(2) M(2) X(13)	0.00011	0.000386
1129	1009	T	TQQLIRAAEI	T(483035)	I(34) S(13) A(6) X(18)	0.00121	0.000431
1130	1010	Q	QQLIRAAEIR	Q(483095)	L(4) X(7)	0.00011	0.000316
1131	1011	Q	QLIRAAEIRA	Q(483097)	L(1) X(8)	0.00003	0.002368
1132	1012	L	LIRAAEIRAS	L(483100)	S(2) X(4)	0.00006	0.002479
1133	1013	I	IRAAEIRASA	I(483098)	T(4) L(3) V(1)	0.00021	0.002531
1134	1014	R	RAAEIRASAN	R(483059)	K(22) T(13) I(2) S(1) X(9)	0.00090	0.002548
1135	1015	A	AAEIRASANL	A(483098)	S(2) T(2) -(1) V(1) X(2)	0.00017	0.002492
1136	1016	A	AEIRASANLA	A(483060)	T(36) S(5) E(1) V(1) X(3)	0.00097	0.002475
1137	1017	E	EIRASANLAA	E(483099)	D(1) G(1) K(1) X(4)	0.00009	0.00256
1138	1018	I	IRASANLAAT	I(483079)	V(18) T(2) F(1) L(1) M(1) X(4)	0.00056	0.003141
1139	1019	R	RASANLAATK	R(483099)	K(2) X(5)	0.00006	0.003085
1140	1020	A	ASANLAATKM	A(481725)	S(1047) V(290) D(2) G(1) T(1) X(40)	0.02063	0.003124
1141	1021	S	SANLAATKMS	S(483045)	F(39) Y(11) P(1) X(9) #(1)	0.00114	0.001109
1142	1022	A	ANLAATKMSE	A(483076)	S(26) X(4)	0.00058	0.001006
1143	1023	N	NLAATKMSEC	N(483089)	S(10) K(3) D(1) Y(1) X(2)	0.00038	0.000948
1144	1024	L	LAATKMSECV	L(483084)	F(5) I(4) R(3) P(1) X(9)	0.00034	0.000946
1145	1025	A	AATKMSECVL	A(483099)	X(7)	0.00000	0.000925
1146	1026	A	ATKMSECVLG	A(483015)	S(81) T(4) V(2) P(1) X(3)	0.00182	0.000958
1147	1027	T	TKMSECVLGQ	T(482751)	I(320) S(13) N(3) X(19)	0.00590	0.000782
1148	1028	K	KMSECVLGQS	K(483103)	X(3)	0.00000	0.000195
1149	1029	M	MSECVLGQSK	M(483084)	I(17) V(2) X(3)	0.00045	0.00022
1150	1030	S	SECVLGQSKR	S(483078)	A(17) L(3) X(8)	0.00048	0.000181
1151	1031	E	ECVLGQSKRV	E(483094)	D(3) V(1) X(8)	0.00011	0.000453
1152	1032	C	CVLGQSKRVD	C(483095)	X(11)	0.00000	0.000469
1153	1033	V	VLGQSKRVDF	V(483085)	A(9) I(2) L(2) G(1) X(6) #(1)	0.00036	0.000475
1154	1034	L	LGQSKRVDFC	L(483096)	I(5) X(5)	0.00013	0.000445
1155	1035	G	GQSKRVDFCG	G(483087)	V(14) X(5)	0.00033	0.000435
1156	1036	Q	QSKRVDFCGK	Q(483100)	L(1) $(1) X(4)	0.00006	0.000616
1157	1037	S	SKRVDFCGKG	S(483040)	P(1) X(65)	0.00003	0.000613
1158	1038	K	KRVDFCGKGY	K(483094)	R(9) I(1) X(2)	0.00025	0.000621
1159	1039	R	RVDFCGKGYH	R(483101)	K(1) T(1) X(3)	0.00006	0.000607
1160	1040	V	VDFCGKGYHL	V(482923)	F(168) I(2) A(1) X(12)	0.00320	0.000625
1161	1041	D	DFCGKGYHLM	D(483028)	G(11) X(66) #(1)	0.00027	0.000594
1162	1042	F	FCGKGYHLMS	F(483099)	I(1) L(1) X(3) #(2)	0.00006	0.00057
1163	1043	C	CGKGYHLMSF	C(483101)	F(1) S(1) X(3)	0.00006	0.000837
1164	1044	G	GKGYHLMSFP	G(483096)	$(1) X(9)	0.00003	0.000837
1165	1045	K	KGYHLMSFPQ	K(483002)	N(58) R(22) Q(7) M(5) E(4) T(1) X(6) #(1)	0.00214	0.00084
1166	1046	G	GYHLMSFPQS	G(483102)	D(1) X(3)	0.00003	0.000657
1167	1047	Y	YHLMSFPQSA	Y(483095)	H(3) F(1) X(7)	0.00011	0.000727
1168	1048	H	HLMSFPQSAP	H(483090)	Y(4) X(12)	0.00011	0.000742
1169	1049	L	LMSFPQSAPH	L(483086)	I(10) X(10)	0.00024	0.000877
1170	1050	M	MSFPQSAPHG	M(482954)	I(140) V(5) L(2) A(1) T(1) X(3)	0.00289	0.000853
1171	1051	S	SFPQSAPHGV	S(483104)	T(1) X(1)	0.00003	0.000595
1172	1052	F	FPQSAPHGVV	F(482930)	L(133) I(8) X(35)	0.00273	0.000621
1173	1053	P	PQSAPHGVVF	P(483102)	S(1) T(1) X(2)	0.00006	0.000361
1174	1054	Q	QSAPHGVVFL	Q(483100)	H(1) L(1) X(4)	0.00006	0.000825
1175	1055	S	SAPHGVVFLH	S(483091)	A(6) L(5) T(1) X(3)	0.00031	0.000822
1176	1056	A	APHGVVFLHV	A(483060)	V(27) S(5) X(14)	0.00073	0.001017
1177	1057	P	PHGVVFLHVT	P(483093)	H(7) L(2) S(1) X(3)	0.00026	0.000999
1178	1058	H	HGVVFLHVTY	H(483019)	Y(58) L(5) R(5) X(19)	0.00146	0.000981
1179	1059	G	GVVFLHVTYV	G(483102)	X(4)	0.00000	0.001592
1180	1060	V	VVFLHVTYVP	V(483090)	I(6) L(5) A(1) X(4)	0.00031	0.002051
1181	1061	V	VFLHVTYVPA	V(483090)	F(5) I(5) A(1) X(5)	0.00029	0.002606
1182	1062	F	FLHVTYVPAQ	F(483096)	L(5) X(5)	0.00013	0.003468
1183	1063	L	LHVTYVPAQE	L(482824)	F(267) X(15)	0.00470	0.003518
1184	1064	H	HVTYVPAQEK	H(483103)	Y(1) X(2)	0.00003	0.005847
1185	1065	V	VTYVPAQEKO	V(482985)	L(91) A(17) F(1) M(1) X(11)	0.00226	0.006076
1186	1066	T	TYVPAQEKOF	T(483076)	N(16) I(7) X(7)	0.00055	0.005871
1187	1067	Y	YVPAQEKOFT	Y(483100)	F(2) $(1) X(3)	0.00008	0.005886
1188	1068	V	VPAQEKOFTT	V(482663)	F(387) I(26) L(18) A(1) D(1) X(10)	0.00757	0.005902
1189	1069	P	PAQEKOFTTA	P(482843)	S(253) L(2) H(1) T(1) X(5) #(1)	0.00459	0.007276
1190	1070	A	AQEKOFTTAP	A(482775)	V(165) S(142) T(4) X(20)	0.00586	0.007013
1191	1071	Q	QEKOFTTAPA	Q(482538)	L(517) H(14) R(4) E(1) K(1) S(1) X(30)	0.00891	0.006435
1192	1072	E	EKOFTTAPAI	E(482819)	Q(19) D(3) K(3) V(1) X(261)	0.00063	0.005616
1193	1073	K	KOFTTAPAIC	K(481232)	N(1158) T(648) E(23) M(9) R(7) X(29)	0.02799	0.005553
1194	1074	O	OFTTAPAICH	O(482978)	D(38) N(35) Y(21) K(7) H(3) X(24)	0.00232	0.002904
1195	1075	F	FTTAPAICHD	F(483094)	Y(6) L(2) X(4)	0.00021	0.003766
1196	1076	T	TTAPAICHDG	T(483063)	I(18) S(8) A(2) K(1) X(14)	0.00070	0.004212
1197	1077	T	TAPAICHDGK	T(483088)	I(5) A(3) N(1) X(9)	0.00024	0.00419
1198	1078	A	APAICHDGKA	A(481678)	S(1137) V(129) T(115) D(1) X(46)	0.02131	0.004538
1199	1079	P	PAICHDGKAH	P(483005)	S(87) T(8) A(1) X(5)	0.00196	0.002544
1200	1080	A	AICHDGKAHF	A(483098)	S(3) X(5)	0.00008	0.002348
1201	1081	I	ICHDGKAHFP	I(483076)	V(20) M(7) L(2) T(1)	0.00072	0.002359
1202	1082	C	CHDGKAHFPR	C(483104)	X(2)	0.00000	0.002509
1203	1083	H	HDGKAHFPRE	H(483035)	Y(40) Q(25) R(3) X(3)	0.00150	0.002586
1204	1084	D	DGKAHFPREG	D(482439)	Y(509) G(69) E(41) N(10) H(5) X(32) #(1)	0.01094	0.00245
1205	1085	G	GKAHFPREGV	G(482854)	A(162) R(42) E(18) V(7) D(3) L(3) X(17)	0.00467	0.001444
1206	1086	K	KAHFPREGVF	K(483082)	R(10) E(6) N(1) T(1) $(1) X(5)	0.00048	0.000988
1207	1087	A	AHFPREGVFV	A(482897)	S(173) G(11) V(9) T(1) X(15)	0.00372	0.000946
1208	1088	H	HFPREGVFVS	H(483039)	Y(46) R(14) D(1) Q(1) X(5)	0.00137	0.00062
1209	1089	F	FPREGVFVSO	F(483100)	X(6)	0.00000	0.000543
1210	1090	P	PREGVFVSOG	P(483092)	S(5) L(1) T(1) X(7)	0.00019	0.000748
1211	1091	R	REGVFVSOGT	R(482991)	L(41) H(37) C(17) S(3) G(2) X(15)	0.00222	0.000765
1212	1092	E	EGVFVSOGTH	E(483068)	G(15) A(5) D(5) K(5) V(1) X(6) #(1)	0.00077	0.00093
1213	1093	G	GVFVSOGTH-	G(483101)	S(2) C(1) D(1) V(1)	0.00014	0.000853
1214	1094	V	VFVSOGTH-W	V(483066)	I(27) A(10) F(1) X(2)	0.00088	0.000912
1215	1095	F	FVSOGTH-WF	F(483099)	L(4) X(3)	0.00011	0.000876
1216	1096	V	VSOGTH-WFV	V(483099)	A(2) X(5)	0.00006	0.001633
1217	1097	S	SOGTH-WFVT	S(483088)	L(9) T(6) A(1) P(1) $(1)	0.00046	0.001633
1218	1098	O	OGTH-WFVTQ	O(483080)	N(18) S(6) D(1) X(1)	0.00060	0.001601
1219	1099	G	GTH-WFVTQR	G(482989)	D(86) S(9) V(3) C(1) X(18)	0.00205	0.001665
1220	1100	T	TH-WFVTQRN	T(483087)	I(9) A(3) K(1) S(1) X(5)	0.00036	0.001499
1221	1101	H	H-WFVTQRNF	H(482882)	Y(174) Q(25) D(1) N(1) R(1) X(22)	0.00387	0.001536
1222	1101	-	-WFVTQRNFY	-(483105)	#(1)	0.00000	0.001152
1223	1102	W	WFVTQRNFYE	W(483066)	L(21) C(3) F(3) S(2) G(1) X(10)	0.00073	0.001395
1224	1103	F	FVTQRNFYEP	F(483081)	L(10) S(9) C(2) X(4)	0.00052	0.001476
1225	1104	V	VTQRNFYEPQ	V(482620)	L(432) I(21) -(1) X(32)	0.00768	0.001477
1226	1105	T	TQRNFYEPQI	T(483102)	-(1) P(1) X(2)	0.00006	0.000857
1227	1106	Q	QRNFYEPQII	Q(483096)	P(2) R(2) H(1) X(5)	0.00014	0.000888
1228	1107	R	RNFYEPQIIT	R(483044)	S(46) M(6) G(2) K(2) X(6)	0.00124	0.001014
1229	1108	N	NFYEPQIITT	N(483065)	Y(9) S(4) I(1) T(1) X(26)	0.00039	0.001719
1230	1109	F	FYEPQIITTD	F(483071)	L(20) I(11) X(4)	0.00073	0.047876
1231	1110	Y	YEPQIITTDN	Y(483093)	N(1) X(12)	0.00003	0.047814
1232	1111	E	EPQIITTDNT	E(482988)	Q(86) K(17) A(12) D(1) X(2)	0.00243	0.047994
1233	1112	P	PQIITTDNTF	P(483025)	L(38) S(18) Q(10) R(1) T(1) X(13)	0.00154	0.047968
1234	1113	Q	QIITTDNTFV	Q(483077)	K(13) E(2) H(2) L(2) R(1) $(1) X(7) #(1)	0.00053	0.048688
1235	1114	I	IITTDNTFVS	I(483035)	T(31) V(10) L(9) M(9) S(4) X(8)	0.00148	0.048635
1236	1115	I	ITTDNTFVSG	I(483090)	V(13) F(1) L(1) X(1)	0.00037	0.049128
1237	1116	T	TTDNTFVSGN	T(483034)	N(40) S(15) I(6) A(1) X(9) #(1)	0.00140	0.049161
1238	1117	T	TDNTFVSGNC	T(482516)	I(486) R(7) K(3) A(2) S(1) X(91)	0.00829	0.049021
1239	1118	D	DNTFVSGNCD	D(400223)	H(82521) Y(229) V(19) G(6) A(4) Q(1) X(103)	0.46196	0.048284
1240	1119	N	NTFVSGNCDV	N(483100)	S(3) K(1) X(2)	0.00011	0.002127
1241	1120	T	TFVSGNCDVV	T(483014)	I(72) S(11) K(4) X(5)	0.00183	0.002314
1242	1121	F	FVSGNCDVVI	F(482987)	L(110) V(1) X(8)	0.00217	0.002289
1243	1122	V	VSGNCDVVIG	V(482563)	L(515) M(15) A(1) X(12)	0.00874	0.002089
1244	1123	S	SGNCDVVIGI	S(483104)	X(2)	0.00000	0.001379
1245	1124	G	GNCDVVIGIV	G(482483)	V(307) S(32) C(13) D(2) A(1) X(268)	0.00641	0.001677
1246	1125	N	NCDVVIGIVO	N(483072)	D(29) K(1) T(1) X(3)	0.00070	0.001075
1247	1126	C	CDVVIGIVON	C(483106)		0.00000	0.001022
1248	1127	D	DVVIGIVONT	D(483059)	G(15) Y(7) E(6) N(4) A(3) H(2) X(10)	0.00092	0.001037
1249	1128	V	VVIGIVONTV	V(483087)	F(6) I(6) A(3) X(4)	0.00039	0.000956
1250	1129	V	VIGIVONTVY	V(483012)	I(59) L(22) A(8) E(2) X(3)	0.00198	0.000936
1251	1130	I	IGIVONTVYD	I(483030)	M(47) L(14) V(8) T(2) X(5)	0.00158	0.000991
1252	1131	G	GIVONTVYDP	G(483086)	E(3) A(1) R(1) V(1) X(14)	0.00017	0.000836
1253	1132	I	IVONTVYDPL	I(483024)	V(60) T(13) S(2) -(1) X(6)	0.00164	0.000876
1254	1133	V	VONTVYDPLQ	V(482958)	A(56) F(55) I(14) L(14) X(9)	0.00298	0.000725
1255	1134	O	ONTVYDPLQP	O(483086)	N(9) H(2) S(2) Y(2) X(5)	0.00039	0.000501
1256	1135	N	NTVYDPLQPE	N(483092)	Y(3) D(2) I(1) X(8)	0.00017	0.000727
1257	1136	T	TVYDPLQPEL	T(483096)	I(6) X(4)	0.00015	0.00071
1258	1137	V	VYDPLQPELD	V(483098)	F(4) X(4)	0.00011	0.001114
1259	1138	Y	YDPLQPELDS	Y(483099)	F(3) C(2) D(1) N(1)	0.00019	0.001484
1260	1139	D	DPLQPELDSF	D(482971)	H(52) N(33) Y(23) G(3) A(2) E(2) X(20)	0.00253	0.001468
1261	1140	P	PLQPELDSFK	P(473930)	S(1) X(9174) #(1)	0.00003	0.001272
1262	1141	L	LQPELDSFKE	L(483077)	F(20) S(3) M(1) X(4) #(1)	0.00057	0.001387
1263	1142	Q	QPELDSFKEE	Q(483098)	L(5) X(3)	0.00013	0.001354
1264	1143	P	PELDSFKEEL	P(483063)	L(27) S(3) F(1) H(1) X(11)	0.00074	0.001344
1265	1144	E	ELDSFKEELD	E(482968)	Q(116) A(10) V(3) K(2) D(1) X(6)	0.00265	0.001654
1266	1145	L	LDSFKEELDK	L(483100)	X(6)	0.00000	0.001402
1267	1146	D	DSFKEELDKY	D(482887)	H(98) Y(62) G(14) N(14) E(12) V(1) X(18)	0.00419	0.001606
1268	1147	S	SFKEELDKYF	S(482876)	L(202) A(4) T(1) X(23)	0.00381	0.001222
1269	1148	F	FKEELDKYFK	F(483098)	S(1) X(7)	0.00003	0.000888
1270	1149	K	KEELDKYFKO	K(483071)	R(20) N(3) M(1) X(11)	0.00057	0.000939
1271	1150	E	EELDKYFKOH	E(483049)	D(36) K(13) V(2) G(1) X(5)	0.00118	0.001092
1272	1151	E	ELDKYFKOHT	E(483093)	D(10) X(3)	0.00024	0.000995
1273	1152	L	LDKYFKOHTS	L(483102)	F(1) X(3)	0.00003	0.000974
1274	1153	D	DKYFKOHTSP	D(482891)	Y(174) G(15) A(3) H(3) N(2) E(1) V(1) X(16)	0.00384	0.002889
1275	1154	K	KYFKOHTSPD	K(483100)	I(4) R(1) X(1)	0.00013	0.005671
1276	1155	Y	YFKOHTSPDV	Y(482995)	F(97) H(5) X(9)	0.00204	0.005851
1277	1156	F	FKOHTSPDVD	F(483090)	L(15) X(1)	0.00035	0.005772
1278	1157	K	KOHTSPDVDL	K(483083)	N(13) T(4) R(1) $(1) X(4)	0.00047	0.005758
1279	1158	O	OHTSPDVDLG	O(483081)	N(11) S(4) H(3) D(2) Y(1) X(4)	0.00054	0.008458
1280	1159	H	HTSPDVDLGD	H(482997)	Y(72) R(17) L(10) X(10)	0.00210	0.00892
1281	1160	T	TSPDVDLGDI	T(483095)	K(5) I(3) X(3)	0.00021	0.008786
1282	1161	S	SPDVDLGDIS	S(483102)	P(1) X(3)	0.00003	0.008818
1283	1162	P	PDVDLGDISG	P(481914)	S(505) R(356) L(253) Q(9) A(5) T(3) X(61)	0.01918	0.008975
1284	1163	D	DVDLGDISGI	D(480683)	Y(2336) V(19) A(12) G(9) N(4) X(42) #(1)	0.03166	0.007126
1285	1164	V	VDLGDISGIO	V(483013)	F(51) I(37) A(2) X(3)	0.00193	0.004028
1286	1165	D	DLGDISGIOA	D(483046)	Y(32) G(10) A(4) N(3) V(2) E(1) H(1) X(7)	0.00125	0.00416
1287	1166	L	LGDISGIOAS	L(483097)	F(5) V(3) X(1)	0.00021	0.004046
1288	1167	G	GDISGIOASV	G(481110)	V(1864) A(47) F(24) D(16) S(5) R(4) C(1) X(35)	0.02747	0.006371
1289	1168	D	DISGIOASVV	D(482807)	G(279) Y(3) A(2) H(2) E(1) O(1) V(1) X(10)	0.00516	0.003695
1290	1169	I	ISGIOASVVN	I(483073)	L(17) F(7) V(5) T(2) X(2)	0.00076	0.00329
1291	1170	S	SGIOASVVNI	S(483079)	F(13) T(4) P(2) A(1) Y(1) X(6)	0.00053	0.003251
1292	1171	G	GIOASVVNIQ	G(483027)	S(27) V(26) D(18) X(8)	0.00160	0.003248
1293	1172	I	IOASVVNIQK	I(483070)	V(30) S(1) X(5)	0.00069	0.003196
1294	1173	O	OASVVNIQK-	O(483069)	D(11) N(9) S(4) K(2) H(1) X(10)	0.00068	0.003127
1295	1174	A	ASVVNIQK-E	A(482922)	V(161) S(9) T(1) X(12) #(1)	0.00325	0.003148
1296	1175	S	SVVNIQK-EI	S(483096)	L(2) A(1) P(1) X(6)	0.00011	0.002854
1297	1176	V	VVNIQK-EID	V(481397)	F(1691) G(3) -(1) I(1) L(1) X(12)	0.02346	0.002903
1298	1177	V	VNIQK-EIDR	V(483074)	L(27) I(3) -(1) X(1)	0.00071	0.000647
1299	1178	N	NIQK-EIDRL	N(483046)	D(47) -(1) K(1) S(1) Y(1) X(9)	0.00111	0.000609
1300	1179	I	IQK-EIDRLN	I(483089)	V(7) L(4) N(2) -(1) X(3)	0.00037	0.000844
1301	1180	Q	QK-EIDRLNE	Q(483041)	K(8) L(5) H(2) R(2) -(1) $(1) X(46)	0.00050	0.000896
1302	1181	K	K-EIDRLNEV	K(483036)	R(19) Q(8) N(7) I(5) E(4) -(1) X(26)	0.00108	0.000924
1303	1181	-	-EIDRLNEVA	-(483105)	#(1)	0.00000	0.000827
1304	1182	E	EIDRLNEVAK	E(483054)	Q(32) D(4) K(2) -(1) X(13)	0.00089	0.001993
1305	1183	I	IDRLNEVAKN	I(483092)	V(8) L(3) -(1) X(2)	0.00031	0.001993
1306	1184	D	DRLNEVAKNL	D(483077)	Y(9) N(8) G(7) X(5)	0.00060	0.00197
1307	1185	R	RLNEVAKNLO	R(483061)	C(21) H(13) S(3) L(1) X(7)	0.00090	0.001976
1308	1186	L	LNEVAKNLOE	L(483061)	F(14) X(31)	0.00033	0.002284
1309	1187	N	NEVAKNLOES	N(482926)	Y(129) T(14) D(11) K(5) I(4) S(4) H(2) X(10) #(1)	0.00346	0.002257
1310	1188	E	EVAKNLOESL	E(483061)	D(23) A(6) K(5) G(2) V(1) X(8)	0.00089	0.001935
1311	1189	V	VAKNLOESLI	V(483070)	I(22) A(6) F(5) X(3)	0.00078	0.001857
1312	1190	A	AKNLOESLID	A(483096)	S(2) V(2) X(6)	0.00011	0.001975
1313	1191	K	KNLOESLIDL	K(482250)	N(731) R(5) E(4) M(1) Q(1) T(1) X(113)	0.01166	0.002097
1314	1192	N	NLOESLIDLQ	N(483062)	T(19) S(6) D(5) H(2) O(2) K(1) Y(1) X(8)	0.00089	0.001289
1315	1193	L	LOESLIDLQE	L(483100)	F(2) V(1) X(3)	0.00008	0.001891
1316	1194	O	OESLIDLQEL	O(483079)	N(9) H(8) Y(5) I(2) S(2) X(1)	0.00066	0.00208
1317	1195	E	ESLIDLQELG	E(482878)	Q(174) G(17) D(12) K(2) V(1) X(22)	0.00398	0.002028
1318	1196	S	SLIDLQELGK	S(483097)	F(1) Y(1) X(7)	0.00006	0.001787
1319	1197	L	LIDLQELGKY	L(483092)	F(5) I(3) -(1) X(5)	0.00024	0.001789
1320	1198	I	IDLQELGKYE	I(483095)	V(2) -(1) L(1) X(7)	0.00011	0.002086
1321	1199	D	DLQELGKYEQ	D(483007)	Y(38) N(25) H(15) E(3) G(2) -(1) A(1) V(1) X(13)	0.00196	0.002412
1322	1200	L	LQELGKYEQY	L(483031)	F(60) I(2) V(1) X(11) #(1)	0.00133	0.00223
1323	1201	Q	QELGKYEQYI	Q(482919)	H(97) K(72) R(5) L(3) X(10)	0.00358	0.002174
1324	1202	E	ELGKYEQYIK	E(482703)	Q(337) D(16) K(16) A(5) G(4) V(4) -(1) $(1) X(19)	0.00691	0.001825
1325	1203	L	LGKYEQYIKW	L(482993)	F(89) I(8) X(16)	0.00197	0.001145
1326	1204	G	GKYEQYIKWP	G(483090)	E(3) R(1) V(1) X(11)	0.00014	0.00096
1327	1205	K	KYEQYIKWPW	K(483020)	N(57) T(6) Q(5) R(4) X(14)	0.00157	0.000961
1328	1206	Y	YEQYIKWPWY	Y(483099)	H(2) $(1) X(4)	0.00008	0.000807
1329	1207	E	EQYIKWPWYI	E(482928)	D(157) A(4) V(3) K(2) -(1) X(11)	0.00321	0.000943
1330	1208	Q	QYIKWPWYIW	Q(482913)	H(170) E(2) K(2) R(2) -(1) Y(1) X(15)	0.00337	0.000641
1331	1209	Y	YIKWPWYIWL	Y(483096)	F(2) H(2) -(1) X(5)	0.00014	0.000315
1332	1210	I	IKWPWYIWLG	I(483066)	V(18) T(11) M(2) -(1) X(8)	0.00077	0.002769
1333	1211	K	KWPWYIWLGF	K(483098)	E(1) N(1) Q(1) X(4) #(1)	0.00009	0.002716
1334	1212	W	WPWYIWLGF-	W(483091)	$(2) -(1) L(1) X(11)	0.00011	0.002707
1335	1213	P	PWYIWLGF-I	P(483089)	-(1) A(1) L(1) T(1) X(13)	0.00012	0.002787
1336	1214	W	WYIWLGF-IA	W(473369)	F(2) -(1) G(1) L(1) X(9732)	0.00015	0.0028
1337	1215	Y	YIWLGF-IAG	Y(483097)	H(1) X(8)	0.00003	0.00313
1338	1216	I	IWLGF-IAGL	I(483036)	V(34) T(21) S(5) M(2) L(1) X(7)	0.00144	0.004177
1339	1217	W	WLGF-IAGLI	W(483093)	L(4) -(2) C(1) X(6)	0.00019	0.004436
1340	1218	L	LGF-IAGLIA	L(483097)	-(2) P(2) X(5)	0.00011	0.004449
1341	1219	G	GF-IAGLIAI	G(481443)	C(1127) V(451) S(21) A(7) D(3) F(1) X(53)	0.02468	0.004667
1342	1220	F	F-IAGLIAIV	F(483095)	L(6) -(1) I(1) V(1) #(1) X(1)	0.00024	0.003709
1343	1220	-	-IAGLIAIVM	-(483104)	#(2)	0.00000	0.00491
1344	1221	I	IAGLIAIVMV	I(483063)	T(25) M(10) V(4) X(4)	0.00091	0.005036
1345	1222	A	AGLIAIVMVT	A(483089)	V(9) P(1) X(7)	0.00025	0.005058
1346	1223	G	GLIAIVMVTI	G(482917)	S(183) V(2) C(1) X(3)	0.00345	0.005143
1347	1224	L	LIAIVMVTIM	L(482447)	F(604) S(32) V(5) M(2) X(16)	0.01050	0.004925
1348	1225	I	IAIVMVTIML	I(482890)	F(187) V(13) L(5) T(4) S(2) X(5)	0.00403	0.003992
1349	1226	A	AIVMVTIML-	A(483083)	V(12) S(1) X(10)	0.00032	0.003589
1350	1227	I	IVMVTIML-C	I(482985)	M(102) V(5) T(4) L(2) X(8)	0.00229	0.004072
1351	1228	V	VMVTIML-CC	V(482094)	L(913) A(32) I(27) -(2) X(38)	0.01510	0.00413
1352	1229	M	MVTIML-CCM	M(482354)	I(532) T(166) L(15) V(5) -(2) K(1) X(31)	0.01225	0.004151
1353	1230	V	VTIML-CCMT	V(483043)	L(40) A(10) M(5) E(1) X(7)	0.00126	0.003177
1354	1231	T	TIML-CCMTS	T(483052)	A(37) I(10) S(2) P(1) X(4)	0.00113	0.003134
1355	1232	I	IML-CCMTSC	I(483055)	V(13) F(12) T(9) S(7) L(4) X(6)	0.00110	0.003092
1356	1233	M	ML-CCMTSCC	M(483043)	V(25) T(16) I(10) L(2) K(1) X(9)	0.00127	0.003003
1357	1234	L	L-CCMTSCCS	L(483039)	I(52) F(3) X(11) #(1)	0.00117	0.003026
1358	1234	-	-CCMTSCCSC	-(483105)	#(1)	0.00000	0.003286
1359	1235	C	CCMTSCCSCL	C(482797)	F(283) S(6) G(2) X(18)	0.00515	0.003382
1360	1236	C	CMTSCCSCLK	C(482954)	S(94) F(48) X(10)	0.00287	0.003001
1361	1237	M	MTSCCSCLKG	M(482175)	I(443) T(422) V(32) L(9) R(1) X(24)	0.01531	0.002827
1362	1238	T	TSCCSCLKGC	T(482971)	I(109) A(7) N(6) P(1) S(1) X(11)	0.00251	0.001889
1363	1239	S	SCCSCLKGCC	S(483068)	T(18) G(7) I(4) N(4) C(1) X(4)	0.00083	0.001767
1364	1240	C	CCSCLKGCCS	C(483070)	F(24) S(3) Y(2) R(1) X(6)	0.00071	0.001758
1365	1241	C	CSCLKGCCSC	C(483090)	F(4) Y(4) X(8)	0.00021	0.00229
1366	1242	S	SCLKGCCSCG	S(483013)	I(52) T(9) N(4) G(2) C(1) X(24) #(1)	0.00150	0.002765
1367	1243	C	CLKGCCSCGS	C(482891)	F(173) Y(16) S(3) -(2) V(2) X(19)	0.00377	0.003932
1368	1244	L	LKGCCSCGSC	L(483060)	F(23) I(14) P(4) X(5)	0.00096	0.004054
1369	1245	K	KGCCSCGSCC	K(483036)	N(31) R(18) Q(5) E(2) T(2) X(12)	0.00134	0.004084
1370	1246	G	GCCSCGSCCK	G(483042)	S(33) D(9) V(4) C(2) A(1) X(15)	0.00113	0.003967
1371	1247	C	CCSCGSCCK-	C(482773)	F(286) Y(21) S(8) G(5) R(5) X(8)	0.00593	0.00386
1372	1248	C	CSCGSCCK--	C(483044)	F(30) Y(9) R(8) S(7) -(1) X(7)	0.00129	0.003273
1373	1249	S	SCGSCCK--F	S(483070)	Y(14) F(8) P(6) A(2) X(6)	0.00074	0.003153
1374	1250	C	CGSCCK--FD	C(482748)	F(331) Y(10) $(2) O(1) R(1) X(13)	0.00603	0.003108
1375	1251	G	GSCCK--FDE	G(482823)	V(230) R(25) E(8) A(2) -(1) X(17)	0.00496	0.002619
1376	1252	S	SCCK--FDED	S(482284)	F(686) P(92) Y(21) A(2) -(1) C(1) T(1) X(18)	0.01317	0.002388
1377	1253	C	CCK--FDEDD	C(482819)	F(277) -(2) Y(2) G(1) X(5)	0.00499	0.001524
1378	1254	C	CK--FDEDD-	C(483032)	F(55) -(1) G(1) S(1) $(1) X(15)	0.00126	0.001028
1379	1255	K	K--FDEDD--	K(483086)	R(2) T(2) -(1) N(1) X(14)	0.00017	0.000905
1380	1255	-	--FDEDD---	-(483104)	F(2)	0.00006	0.000891
1381	1255	-	-FDEDD----	-(483104)	K(2)	0.00006	0.000888
1382	1256	F	FDEDD----S	F(483100)	-(1) L(1) Y(1) X(3)	0.00009	0.000975
1383	1257	D	DEDD----SE	D(483089)	E(6) -(2) Y(2) H(1) X(6)	0.00029	0.001063
1384	1258	E	EDD----SEP	E(483036)	D(19) V(18) Q(8) A(1) G(1) $(1) X(21) #(1)	0.00114	0.002712
1385	1259	D	DD----SEPV	D(482955)	Y(118) H(6) V(4) E(2) A(1) O(1) X(19)	0.00265	0.003421
1386	1260	D	D----SEPVL	D(482860)	Y(162) N(37) E(17) H(6) A(4) G(2) X(18)	0.00453	0.003226
1387	1260	-	----SEPVLK	-(483105)	R(1)	0.00003	0.002857
1388	1260	-	---SEPVLKG	-(483105)	C(1)	0.00003	0.002972
1389	1260	-	--SEPVLKGV	-(483105)	I(1)	0.00003	0.003025
1390	1260	-	-SEPVLKGVK	-(483105)	D(1)	0.00003	0.003038
1391	1261	S	SEPVLKGVKL	S(483060)	F(35) Y(4) A(1) P(1) X(5)	0.00093	0.003038
1392	1262	E	EPVLKGVKLH	E(483059)	A(11) D(9) G(9) $(5) K(4) Q(1) X(8)	0.00097	0.002965
1393	1263	P	PVLKGVKLHY	P(481984)	L(958) T(60) S(20) R(19) Q(12) A(1) X(52)	0.01678	0.002946
1394	1264	V	VLKGVKLHYT	V(482501)	L(468) F(14) M(7) A(1) X(115)	0.00823	0.001332
1395	1265	L	LKGVKLHYT$	L(483068)	F(16) P(10) R(2) Q(1) X(9)	0.00070	0.000549
1396	1266	K		K(483058)	R(33) I(1) N(1) Q(1) $(1) X(11)	0.00084	
1397	1267	G		G(483047)	R(24) V(20) $(6) E(1) X(8)	0.00118	
1398	1268	V		V(483078)	A(9) I(8) F(3) L(2) X(6)	0.00056	
1399	1269	K		K(483094)	N(5) R(1) X(6)	0.00016	
1400	1270	L		L(483100)	S(1) X(5)	0.00003	
1401	1271	H		H(483092)	Y(8) X(6)	0.00020	
1402	1272	Y		Y(483068)	H(19) F(12) $(2) X(5)	0.00078	
1403	1273	T		T(483060)	I(25) S(3) X(18)	0.00064	
1404	1274	$		$(483044)	-(17) #(45)	0.00040	
